<trait>;Environment;YLD_HN;PHT_HN;ASI_HN;ANT_HN;SLK_HN;YLD_LN;PHT_LN;ASI_LN;ANT_LN;SIL_LN;YLD_DIFF
BGEM-0001-N/PHB47;Testcross_Ames2015A;7.41;365.91;-3.55;742.64;736.51;4.26;272.6;14.69;793.15;803.51;3.15
BGEM-0003-N/PHB47;Testcross_Ames2015A;10.4;348.45;-0.07;754.76;754.71;3.17;248.03;20.78;831.37;851.4;7.23
BGEM-0005-N/PHB47;Testcross_Ames2015A;7.06;294.15;-8.08;796.92;783.49;2.65;220.57;14.99;831.37;840.11;4.41
BGEM-0006-S/PHZ51;Testcross_Ames2015A;8.57;348.45;-3.63;754.76;748.6;3.63;255.25;17.01;787.48;802.69;4.95
BGEM-0008-S/PHZ51;Testcross_Ames2015A;6.11;323.24;-0.07;748.7;748.6;3.32;227.79;24.72;807.06;836.18;2.8
BGEM-0010-S/PHZ51;Testcross_Ames2015A;8.97;344.57;-0.07;748.7;748.6;3.57;246.58;21.57;802.63;825.87;5.4
BGEM-0011-S/PHZ51;Testcross_Ames2015A;9.32;332.94;-3.33;766.48;760.94;4.24;253.81;22.64;802.63;827.95;5.08
BGEM-0012-S/PHZ51;Testcross_Ames2015A;6.91;327.12;-3.63;754.76;748.6;3.49;245.14;18.77;798.32;816.35;3.41
BGEM-0013-S/PHZ51;Testcross_Ames2015A;7.19;338.75;-3.55;748.7;742.62;3.24;243.69;16.77;793.15;807.56;3.95
BGEM-0018-S/PHZ51;Testcross_Ames2015A;9.37;323.24;-5.1;780.13;771.66;3.39;256.7;29.32;820.69;858.02;5.98
BGEM-0019-S/PHZ51;Testcross_Ames2015A;9.58;342.63;-3.69;767.09;760.94;3.97;258.15;14.55;815.81;824.58;5.6
BGEM-0022-S/PHZ51;Testcross_Ames2015A;8.09;321.3;-6.95;772.65;760.94;3.22;235.02;22.72;822.05;846.42;4.86
BGEM-0023-S/PHZ51;Testcross_Ames2015A;7.4;338.75;3.54;754.76;760.94;2.94;239.36;30.68;811.37;851.88;4.47
BGEM-0024-S/PHZ51;Testcross_Ames2015A;8.63;342.63;-7.1;748.7;736.51;3.63;258.15;14.69;787.97;798.63;5
BGEM-0025-S/PHZ51;Testcross_Ames2015A;8.5;354.27;-3.63;754.76;748.6;3.8;262.48;18.77;802.63;820.4;4.69
BGEM-0026-S/PHZ51;Testcross_Ames2015A;8.15;323.24;-0.07;742.64;742.49;3.81;245.14;16.77;793.15;807.56;4.34
BGEM-0027-S/PHZ51;Testcross_Ames2015A;7.36;331;-3.69;767.09;760.94;3.49;245.14;28.73;820.69;856.86;3.87
BGEM-0028-S/PHZ51;Testcross_Ames2015A;6.32;315.48;6.74;754.87;766.54;4.18;252.36;12.2;806.93;811.62;2.14
BGEM-0029-S/PHZ51;Testcross_Ames2015A;9.05;323.24;-3.63;754.76;748.6;3.76;248.03;24.07;797.45;825.87;5.3
BGEM-0030-S/PHZ51;Testcross_Ames2015A;8.54;329.06;3.19;760.93;766.54;3.58;255.25;19.27;787.97;807.56;4.96
BGEM-0031-S/PHZ51;Testcross_Ames2015A;9.87;342.63;-0.07;748.7;748.6;3.43;261.04;12.2;798.32;803.51;6.45
BGEM-0032-S/PHZ51;Testcross_Ames2015A;7.33;327.12;-0.07;760.93;760.94;3.27;235.02;18.85;793.15;811.62;4.06
BGEM-0033-S/PHZ51;Testcross_Ames2015A;10.93;331;-3.63;754.76;748.6;3.78;259.59;19.85;801.89;821.81;7.16
BGEM-0034-S/PHZ51;Testcross_Ames2015A;10.03;346.51;-3.69;767.09;760.94;3.37;250.92;23.13;826.49;851.4;6.66
BGEM-0035-S/PHZ51;Testcross_Ames2015A;8.62;338.75;-0.07;748.7;748.6;3.42;242.25;21.84;830.24;852.41;5.21
BGEM-0036-S/PHZ51;Testcross_Ames2015A;7.44;334.88;3.48;742.64;748.6;3.55;250.92;17.43;782.31;798.63;3.89
BGEM-0037-S/PHZ51;Testcross_Ames2015A;6.82;315.48;3.4;730.79;736.51;3.98;249.47;28.31;764.07;802.69;2.84
BGEM-0039-N/PHB47;Testcross_Ames2015A;8.54;346.51;-3.55;748.7;742.62;3.39;262.48;21.99;797.45;821.81;5.15
BGEM-0040-N/PHB47;Testcross_Ames2015A;8.02;340.69;-0.07;760.93;760.94;3.62;252.36;29.22;802.63;840.79;4.4
BGEM-0041-S/PHZ51;Testcross_Ames2015A;7.46;334.88;-0.07;748.7;748.6;3.12;246.58;20.85;798.32;820.4;4.33
BGEM-0042-S/PHZ51;Testcross_Ames2015A;10.45;342.63;6.16;767.09;777.89;3.31;240.8;20.5;826.49;846.25;7.14
BGEM-0044-S/PHZ51;Testcross_Ames2015A;8.6;362.03;-3.63;771.55;765.55;3.83;258.15;16.7;816.25;829.19;4.77
BGEM-0045-N/PHB47;Testcross_Ames2015A;8.87;336.81;-6.55;748.7;737.46;3.1;250.92;12.62;797.45;803.51;5.77
BGEM-0046-N/PHB47;Testcross_Ames2015A;5.65;317.42;-3.69;760.93;754.71;3.18;226.35;12.2;802.63;807.56;2.47
BGEM-0047-S/PHZ51;Testcross_Ames2015A;7.18;323.24;-3.63;754.76;748.6;3.23;236.46;16.77;787.97;802.69;3.95
BGEM-0048-S/PHZ51;Testcross_Ames2015A;9.8;332.94;-3.69;767.09;760.94;3.42;256.7;14.55;807.06;816.35;6.38
BGEM-0049-S/PHZ51;Testcross_Ames2015A;10.71;331;3.4;742.78;748.6;3.1;248.03;24.07;793.15;821.81;7.61
BGEM-0050-S/PHZ51;Testcross_Ames2015A;9.2;336.81;-3.69;760.93;754.71;3.51;240.8;17.73;776.02;793.29;5.69
BGEM-0051-S/PHZ51;Testcross_Ames2015A;8.04;350.39;-3.63;760.93;754.82;3.62;249.47;16.7;806.93;820.4;4.42
BGEM-0052-S/PHZ51;Testcross_Ames2015A;5.47;309.66;2.9;791.85;797.26;2.58;223.46;26.04;849.15;878.42;2.89
BGEM-0054-S/PHZ51;Testcross_Ames2015A;7.43;340.69;-0.07;742.64;742.49;3.58;255.25;19.49;802.63;821.81;3.85
BGEM-0055-S/PHZ51;Testcross_Ames2015A;7.69;334.88;-3.63;760.93;754.82;4.68;256.7;17.43;787.48;803.51;3.01
BGEM-0059-S/PHZ51;Testcross_Ames2015A;9.45;334.88;-3.69;767.09;760.94;3.11;249.47;23.38;811.37;837.63;6.34
PHB47/BGEM-0061-N;Testcross_Ames2015A;8.82;340.69;-3.69;760.93;754.71;3.38;246.58;18.91;797.45;815.8;5.44
BGEM-0063-N/PHB47;Testcross_Ames2015A;8.37;363.97;-3.55;748.7;742.62;3.71;253.81;12.2;802.63;807.56;4.66
BGEM-0066-N/PHB47;Testcross_Ames2015A;6.95;323.24;-0.07;742.78;742.62;4.04;253.81;15.23;776.02;788.42;2.91
BGEM-0067-S/PHZ51;Testcross_Ames2015A;8.32;319.36;-0.07;748.7;748.6;3.43;243.69;19.27;787.97;807.56;4.89
BGEM-0068-S/PHZ51;Testcross_Ames2015A;8.23;340.69;-0.07;748.7;748.6;3.47;250.92;16.77;793.15;807.56;4.76
BGEM-0070-S/PHZ51;Testcross_Ames2015A;10.28;327.12;3.48;754.87;760.94;3.66;240.8;12.2;802.63;807.56;6.62
BGEM-0071-S/PHZ51;Testcross_Ames2015A;7.6;365.91;-3.69;760.93;754.71;3.63;255.25;19.49;806.93;825.87;3.98
BGEM-0072-S/PHZ51;Testcross_Ames2015A;8.5;346.51;-3.63;754.76;748.6;3.64;250.92;19.49;797.45;816.94;4.85
BGEM-0073-S/PHZ51;Testcross_Ames2015A;10.25;350.39;9.78;754.76;771.66;2.75;233.57;22.49;862.15;883.74;7.5
BGEM-0074-S/PHZ51;Testcross_Ames2015A;6.74;336.81;-7.1;754.76;742.62;3.54;237.91;15.34;822.05;832;3.21
BGEM-0078-S/PHZ51;Testcross_Ames2015A;5.19;299.97;14.86;781.94;807.83;2.59;227.79;31.96;826.49;868.63;2.61
BGEM-0079-S/PHZ51;Testcross_Ames2015A;7.36;307.72;3.4;742.78;748.6;3.54;250.92;25.85;787.97;820.4;3.82
BGEM-0080-S/PHZ51;Testcross_Ames2015A;8.84;336.81;-0.07;742.78;742.62;3.56;250.92;25.04;776.02;807.56;5.28
BGEM-0082-S/PHZ51;Testcross_Ames2015A;4.91;299.97;6.52;708.4;719.27;3.17;224.9;14.69;763.8;775.85;1.74
BGEM-0083-S/PHZ51;Testcross_Ames2015A;10.39;338.75;-0.07;754.76;754.71;3.42;249.47;19.49;811.37;830.05;6.97
BGEM-0085-N/PHB47;Testcross_Ames2015A;7.18;321.3;-10.58;748.7;730.53;3.17;249.47;12.2;811.95;816.35;4.01
BGEM-0087-N/PHB47;Testcross_Ames2015A;7.73;350.39;-6.31;771.55;760.94;4.13;272.6;17.35;807.06;821.81;3.6
BGEM-0088-N/PHB47;Testcross_Ames2015A;9.34;344.57;-6.95;772.65;760.94;3.15;249.47;17.35;811.37;825.87;6.18
BGEM-0089-N/PHB47;Testcross_Ames2015A;8.44;315.48;-0.07;754.87;754.82;3.92;248.03;20.46;770.36;793.29;4.52
BGEM-0090-N/PHB47;Testcross_Ames2015A;8.8;342.63;3.48;748.7;754.71;3.53;252.36;26.79;798.32;832;5.27
BGEM-0094-S/PHZ51;Testcross_Ames2015A;5.34;286.39;6.52;766.48;777.89;2.35;211.89;31.96;826.49;868.63;2.99
BGEM-0095-S/PHZ51;Testcross_Ames2015A;10.65;327.12;-0.07;760.42;760.43;3.49;250.92;14.27;802.63;811.62;7.16
BGEM-0097-S/PHZ51;Testcross_Ames2015A;9.67;334.88;-3.63;754.76;748.6;4.11;250.92;12.2;793.15;798.63;5.56
BGEM-0099-S/PHZ51;Testcross_Ames2015A;7.46;327.12;-3.69;760.93;754.71;3.51;253.81;12.2;811.37;815.8;3.96
BGEM-0100-S/PHZ51;Testcross_Ames2015A;7.61;332.94;-3.63;754.76;748.6;3.09;242.25;12.2;811.95;816.35;4.51
BGEM-0102-N/PHB47;Testcross_Ames2015A;7.88;329.06;-0.07;760.93;760.94;3.29;262.48;10.05;807.06;807.56;4.59
BGEM-0107-N/PHB47;Testcross_Ames2015A;5.3;292.21;-2.55;792.57;788.61;3.18;223.46;14.45;825.57;833.58;2.12
BGEM-0108-S/PHZ51;Testcross_Ames2015A;8.29;331;9.96;725.67;742.62;3.89;248.03;14.69;793.15;803.51;4.4
BGEM-0110-N/PHB47;Testcross_Ames2015A;7.95;331;2.93;725.67;730.53;3.69;268.26;15.18;769.84;782.49;4.26
BGEM-0133-S/PHZ51;Testcross_Ames2015A;5.76;344.57;10.51;736.72;754.71;3.6;253.81;16.35;798.32;811.62;2.16
BGEM-0120-N/PHB47;Testcross_Ames2015A;8.73;346.51;3.54;748.7;754.82;3.34;242.25;30.68;811.37;851.88;5.39
BGEM-0121-N/PHB47;Testcross_Ames2015A;9.69;356.21;-10.72;754.87;736.51;3.18;262.48;10.05;807.06;807.56;6.51
BGEM-0122-N/PHB47;Testcross_Ames2015A;9.4;342.63;-7.25;760.93;748.6;3.59;252.36;18.77;802.63;820.4;5.81
BGEM-0124-N/PHB47;Testcross_Ames2015A;8.55;342.63;-0.07;730.79;730.53;3.15;253.81;23.03;775.02;802.69;5.39
BGEM-0125-N/PHB47;Testcross_Ames2015A;8.95;352.33;-0.07;748.7;748.6;3.05;256.7;12.2;782.31;788.42;5.91
BGEM-0126-N/PHB47;Testcross_Ames2015A;9.34;331;-3.63;760.93;754.82;3.95;261.04;16.77;793.15;807.56;5.39
BGEM-0127-N/PHB47;Testcross_Ames2015A;7.9;338.75;-3.55;742.64;736.51;3.73;249.47;14.93;787.48;798.63;4.17
BGEM-0129-N/PHB47;Testcross_Ames2015A;4.39;296.09;-9.29;788.35;772.77;3.41;243.69;16.42;811.95;824.58;0.99
BGEM-0130-N/PHB47;Testcross_Ames2015A;8.62;327.12;-0.07;748.7;748.6;3.52;256.7;14.34;797.45;806.87;5.1
BGEM-0131-N/PHB47;Testcross_Ames2015A;5.53;346.51;-0.07;748.7;748.6;3.61;269.71;17.97;770.36;788.42;1.92
BGEM-0134-S/PHZ51;Testcross_Ames2015A;8.4;336.81;6.74;754.87;766.54;3.94;261.04;26.08;787.48;820.4;4.46
BGEM-0136-S/PHZ51;Testcross_Ames2015A;8.34;332.94;3.48;742.64;748.6;3.39;240.8;16.42;802.63;815.8;4.96
BGEM-0137-S/PHZ51;Testcross_Ames2015A;8.14;331;-0.07;748.7;748.6;3.24;242.25;14.69;797.45;807.56;4.9
BGEM-0138-S/PHZ51;Testcross_Ames2015A;7.81;338.75;-3.63;754.76;748.6;3.52;250.92;21.57;802.63;825.87;4.29
BGEM-0140-N/PHB47;Testcross_Ames2015A;6.51;340.69;-0.07;748.7;748.6;2.91;246.58;18.84;806.93;824.58;3.61
BGEM-0141-N/PHB47;Testcross_Ames2015A;9.21;325.18;2.93;725.67;730.53;3.16;245.14;17.43;787.48;803.51;6.05
BGEM-0143-N/PHB47;Testcross_Ames2015A;9.72;338.75;-3.08;736.72;731.34;3.28;236.46;12.2;811.95;816.35;6.44
BGEM-0144-N/PHB47;Testcross_Ames2015A;7.9;352.33;3.4;736.72;742.49;3.48;265.37;23.98;757.89;788.42;4.43
BGEM-0145-N/PHB47;Testcross_Ames2015A;8.44;344.57;-0.07;730.79;730.53;3.42;258.15;12.2;787.48;793.29;5.02
BGEM-0146-N/PHB47;Testcross_Ames2015A;8.22;338.75;-0.07;748.7;748.6;3.91;263.93;14.69;793.15;803.51;4.3
BGEM-0149-S/PHZ51;Testcross_Ames2015A;8.35;340.69;3.48;748.7;754.71;3.38;248.03;18.77;798.32;816.35;4.97
BGEM-0150-S/PHZ51;Testcross_Ames2015A;8.6;313.54;-0.07;742.64;742.49;3.34;239.36;19.93;782.31;803.51;5.27
BGEM-0151-N/PHB47;Testcross_Ames2015A;6.84;305.78;-0.07;760.42;760.43;3.32;232.13;12.2;802.63;807.56;3.51
BGEM-0152-N/PHB47;Testcross_Ames2015A;6.18;313.54;-6.31;771.55;760.94;2.91;216.23;23.52;806.77;833.58;3.27
BGEM-0153-S/PHZ51;Testcross_Ames2015A;9.94;358.15;-3.63;754.76;748.6;3.73;243.69;20.92;802.63;824.58;6.22
BGEM-0154-S/PHZ51;Testcross_Ames2015A;9.13;340.69;3.4;742.78;748.6;3.46;250.92;21.65;787.48;811.75;5.68
BGEM-0155-S/PHZ51;Testcross_Ames2015A;10.81;360.09;3.54;754.76;760.94;3.37;263.93;35.55;856.17;903.6;7.43
BGEM-0157-N/PHB47;Testcross_Ames2015A;8.49;336.81;-7.1;748.7;736.51;3.5;248.03;14.27;798.32;807.56;4.99
BGEM-0158-S/PHZ51;Testcross_Ames2015A;9.21;348.45;-3.63;760.93;754.82;3.45;266.82;24.65;811.37;840.11;5.77
BGEM-0159-S/PHZ51;Testcross_Ames2015A;8.18;354.27;3.54;754.76;760.94;3.35;256.7;27.14;806.93;840.79;4.83
BGEM-0160-S/PHZ51;Testcross_Ames2015A;8.94;346.51;2.9;766.48;771.66;3.04;250.92;31.96;826.49;868.63;5.9
BGEM-0161-S/PHZ51;Testcross_Ames2015A;9.59;354.27;-0.07;767.09;767.16;4.03;252.36;16.42;798.32;811.75;5.56
BGEM-0162-S/PHZ51;Testcross_Ames2015A;8.11;327.12;-3.69;760.93;754.71;3.52;253.81;12.2;802.63;807.56;4.6
BGEM-0164-S/PHZ51;Testcross_Ames2015A;8.66;323.24;-3.63;748.7;742.49;3.12;232.13;15.34;822.05;832;5.55
BGEM-0165-S/PHZ51;Testcross_Ames2015A;5.05;317.42;6.07;810.28;821.32;2.95;239.36;28.81;843.68;878.68;2.11
BGEM-0166-S/PHZ51;Testcross_Ames2015A;4.2;331;2.74;822.35;827.76;2.95;233.57;25.27;893.5;918.71;1.25
BGEM-0167-S/PHZ51;Testcross_Ames2015A;8.22;338.75;-0.14;754.87;754.71;3.36;248.03;15.21;815.81;825.87;4.86
BGEM-0169-S/PHZ51;Testcross_Ames2015A;8.85;327.12;-0.07;760.93;760.94;3.48;256.7;11.46;802.63;806.13;5.37
BGEM-0170-S/PHZ51;Testcross_Ames2015A;9.01;319.36;-0.07;760.93;760.94;3.63;245.14;18.22;817.75;833.58;5.38
BGEM-0172-S/PHZ51;Testcross_Ames2015A;9.33;367.85;8.64;777.72;792.87;3.37;258.15;29.85;825.57;863.65;5.96
BGEM-0173-S/PHZ51;Testcross_Ames2015A;8.69;346.51;-0.07;754.87;754.82;3.34;261.04;19.49;806.93;825.87;5.35
BGEM-0174-N/PHB47;Testcross_Ames2015A;8.78;332.94;-3.69;760.93;754.71;3.89;259.59;12.2;793.15;798.63;4.89
BGEM-0175-S/PHZ51;Testcross_Ames2015A;4.43;317.42;11.18;796.79;816.48;2.97;243.69;38.68;843.68;897.95;1.46
BGEM-0182-N/PHB47;Testcross_Ames2015A;8.61;350.39;-3.63;760.93;754.82;3.33;253.81;14.55;807.06;816.35;5.28
BGEM-0184-N/PHB47;Testcross_Ames2015A;7.09;325.18;-0.07;730.79;730.53;3.75;249.47;20.95;764.18;788.42;3.34
BGEM-0186-S/PHZ51;Testcross_Ames2015A;8.37;332.94;-0.07;766.48;766.54;3.37;252.36;14.27;798.32;807.56;5
BGEM-0187-S/PHZ51;Testcross_Ames2015A;7.08;352.33;-0.07;767.09;767.16;3.59;245.14;21.02;816.25;837.63;3.49
BGEM-0188-S/PHZ51;Testcross_Ames2015A;7.54;352.33;-0.07;760.93;760.94;3.43;253.81;30.43;811.37;851.4;4.11
BGEM-0190-N/PHB47;Testcross_Ames2015A;9.04;325.18;-0.07;754.87;754.82;3.8;240.8;17.05;801.89;816.35;5.24
BGEM-0191-N/PHB47;Testcross_Ames2015A;8.9;334.88;-0.01;754.76;754.82;3.96;246.58;25.85;787.97;820.4;4.94
BGEM-0192-N/PHB47;Testcross_Ames2015A;12;336.81;-0.07;754.87;754.82;3.18;245.14;21.81;781.2;806.13;8.82
BGEM-0193-N/PHB47;Testcross_Ames2015A;8.22;331;-7.03;742.64;730.53;3.46;250.92;26.57;787.97;821.81;4.76
BGEM-0196-N/PHB47;Testcross_Ames2015A;9.13;338.75;0;742.64;742.62;3.56;253.81;23.27;812.57;838.56;5.57
BGEM-0198-S/PHZ51;Testcross_Ames2015A;8.86;352.33;-3.55;742.64;736.51;3.56;255.25;14.93;791.79;802.69;5.3
BGEM-0199-S/PHZ51;Testcross_Ames2015A;9.85;342.63;-0.07;760.93;760.94;3.45;253.81;23.65;798.32;825.87;6.41
BGEM-0200-S/PHZ51;Testcross_Ames2015A;8.65;350.39;-3.69;767.09;760.94;4;271.15;17.43;787.48;803.51;4.65
BGEM-0201-N/PHB47;Testcross_Ames2015A;9.63;336.81;13.99;730.79;754.71;3.68;256.7;24.96;785.5;816.35;5.96
BGEM-0202-N/PHB47;Testcross_Ames2015A;7.22;331;-7.17;754.87;742.62;3.79;237.91;19.49;797.45;816.94;3.43
BGEM-0203-N/PHB47;Testcross_Ames2015A;8.65;331;3.54;742.78;748.84;3.36;255.25;28.57;797.45;834.65;5.29
BGEM-0204-N/PHB47;Testcross_Ames2015A;9.36;336.81;-3.55;748.7;742.62;3.68;265.37;12.2;802.63;807.56;5.69
BGEM-0205-N/PHB47;Testcross_Ames2015A;8.82;309.66;-3.63;754.76;748.6;3.53;256.7;21.99;797.45;821.81;5.3
BGEM-0206-N/PHB47;Testcross_Ames2015A;6.75;315.48;0;742.64;742.62;3.31;250.92;19.51;787.48;807.56;3.44
BGEM-0207-N/PHB47;Testcross_Ames2015A;8.04;348.45;-7.1;748.7;736.51;3.67;245.14;12.2;793.15;798.63;4.37
BGEM-0209-N/PHB47;Testcross_Ames2015A;9.5;334.88;-3.55;748.7;742.62;2.98;232.13;25.79;798.32;830.05;6.52
BGEM-0210-N/PHB47;Testcross_Ames2015A;8.7;336.81;-0.07;760.93;760.94;3.48;256.7;12.2;807.06;811.75;5.22
BGEM-0211-N/PHB47;Testcross_Ames2015A;10.11;358.15;-3.63;760.93;754.82;3.27;255.25;12.2;802.63;807.56;6.84
BGEM-0213-S/PHZ51;Testcross_Ames2015A;9.63;358.15;-0.07;760.93;760.94;3.17;239.36;17.88;837.88;851.88;6.46
BGEM-0215-N/PHB47;Testcross_Ames2015A;5.88;309.66;-3.63;760.93;754.82;2.47;242.25;23.93;807.06;834.65;3.41
BGEM-0216-N/PHB47;Testcross_Ames2015A;8.94;323.24;-3.55;748.7;742.62;3.34;245.14;12.2;798.32;803.51;5.61
BGEM-0218-S/PHZ51;Testcross_Ames2015A;8.36;317.42;3.54;748.7;754.82;3.62;250.92;16.42;793.15;806.87;4.74
BGEM-0221-S/PHZ51;Testcross_Ames2015A;9.28;325.18;-0.07;748.7;748.6;2.87;227.79;34.9;802.63;851.88;6.41
BGEM-0222-S/PHZ51;Testcross_Ames2015A;9.56;338.75;-0.07;742.64;742.49;3.72;255.25;16.77;797.45;811.62;5.84
BGEM-0223-N/PHB47;Testcross_Ames2015A;8.69;332.94;-0.07;760.93;760.94;3.45;250.92;14.55;807.06;816.35;5.24
BGEM-0224-N/PHB47;Testcross_Ames2015A;8.05;336.81;-3.69;767.09;760.94;3.54;249.47;23.13;826.49;851.4;4.51
BGEM-0225-N/PHB47;Testcross_Ames2015A;7.74;321.3;3.48;754.87;760.94;3.62;246.58;18.91;793.15;811.75;4.13
BGEM-0226-S/PHZ51;Testcross_Ames2015A;9.54;327.12;-3.63;748.7;742.49;3.81;235.02;14.55;801.89;811.47;5.73
BGEM-0227-N/PHB47;Testcross_Ames2015A;5.83;331;-11.25;802.32;783.49;2.83;207.56;28.34;854.94;888.38;3
BGEM-0228-N/PHB47;Testcross_Ames2015A;9.35;348.45;-3.55;754.87;748.84;3.7;240.8;14.27;787.48;797.35;5.64
BGEM-0233-S/PHZ51;Testcross_Ames2015A;9.66;352.33;-3.33;766.48;760.94;4.36;278.38;12.2;797.45;802.69;5.3
BGEM-0235-N/PHB47;Testcross_Ames2015A;9.42;332.94;-7.1;748.7;736.51;3.76;230.68;12.2;802.63;807.56;5.67
BGEM-0236-S/PHZ51;Testcross_Ames2015A;8.35;352.33;-3.69;760.93;754.71;3.2;242.25;20.58;826.49;846.42;5.15
BGEM-0237-N/PHB47;Testcross_Ames2015A;7.66;348.45;-0.07;772.65;772.77;3.16;250.92;13.9;822.05;829.19;4.5
BGEM-0239-N/PHB47;Testcross_Ames2015A;9.15;340.69;-3.63;754.76;748.6;4.01;261.04;14.69;787.97;798.63;5.14
BGEM-0240-N/PHB47;Testcross_Ames2015A;8.52;344.57;-3.55;742.64;736.51;3.78;248.03;14.34;802.63;811.75;4.74
BGEM-0242-N/PHB47;Testcross_Ames2015A;7.88;327.12;-0.14;754.87;754.71;3.53;245.14;27.21;793.15;827.95;4.35
BGEM-0243-S/PHZ51;Testcross_Ames2015A;7.73;329.06;-3.69;760.93;754.71;3.85;248.03;17.31;781.2;797.35;3.87
BGEM-0244-S/PHZ51;Testcross_Ames2015A;8.73;329.06;-0.07;748.7;748.6;3.37;245.14;12.2;793.15;798.63;5.36
BGEM-0246-N/PHB47;Testcross_Ames2015A;8.36;329.06;3.48;748.7;754.71;3.67;258.15;12.2;798.32;803.51;4.69
BGEM-0247-N/PHB47;Testcross_Ames2015A;8.23;331;-0.07;783.28;783.49;3.86;252.36;18.22;822.05;837.63;4.37
BGEM-0248-N/PHB47;Testcross_Ames2015A;6.71;313.54;3.19;760.93;766.54;3.58;252.36;12.2;811.37;815.8;3.12
BGEM-0250-S/PHZ51;Testcross_Ames2015A;10.87;379.48;-5.96;815.97;806.35;3.08;262.48;32.7;878.09;918.71;7.79
BGEM-0252-S/PHZ51;Testcross_Ames2015A;9.71;348.45;-0.07;760.93;760.94;3.49;253.81;28.32;816.25;851.88;6.22
BGEM-0253-N/PHB47;Testcross_Ames2015A;8.78;331;3.54;754.76;760.94;2.99;236.46;21.99;797.45;821.81;5.79
BGEM-0254-S/PHZ51;Testcross_Ames2015A;7.22;352.33;-0.07;748.7;748.6;3.72;253.81;19.49;802.63;821.81;3.5
BGEM-0255-S/PHZ51;Testcross_Ames2015A;8.7;338.75;-3.69;767.09;760.94;3.62;237.91;16.7;816.25;829.19;5.08
BGEM-0256-N/PHB47;Testcross_Ames2015A;8.48;331;3.48;742.64;748.6;3.76;240.8;23.57;811.95;838.56;4.73
BGEM-0257-S/PHZ51;Testcross_Ames2015A;9.52;332.94;-0.07;772.65;772.77;4.39;256.7;17.14;816.25;830.05;5.13
BGEM-0258-S/PHZ51;Testcross_Ames2015A;8.33;340.69;-3.05;777.72;772.77;4.39;259.59;14.55;811.37;820.4;3.94
BGEM-0259-N/PHB47;Testcross_Ames2015A;8.77;342.63;-0.07;748.7;748.6;3.5;245.14;18.49;798.32;815.8;5.27
BGEM-0260-N/PHB47;Testcross_Ames2015A;6.2;296.09;-0.07;792.57;792.87;2.97;226.35;20.58;826.49;846.42;3.23
BGEM-0261-S/PHZ51;Testcross_Ames2015A;8.5;321.3;-0.07;748.7;748.6;3.1;239.36;18.91;793.15;811.75;5.4
BGEM-0265-S/PHZ51;Testcross_Ames2015A;7.89;321.3;3.48;760.42;766.54;3.87;252.36;19.51;787.48;807.56;4.02
BGEM-0266-S/PHZ51;Testcross_Ames2015A;3.98;284.45;18.52;801.14;833.5;2.68;211.89;36.26;843.68;893.22;1.3
BGEM-0268-S/PHZ51;Testcross_Ames2015A;9.06;358.15;2.9;772.65;777.89;2.81;246.58;30.11;833;871.15;6.26
BGEM-0269-S/PHZ51;Testcross_Ames2015A;4.3;290.27;9.41;810.28;827.05;2.81;229.24;32.82;872.81;913.96;1.49
BGEM-0270-S/PHZ51;Testcross_Ames2015A;9.02;329.06;-0.07;748.7;748.6;3.98;259.59;22.54;785.5;811.62;5.04
PHB47/PHZ51;Testcross_Ames2015A;9.22;334.88;-3.63;754.76;748.6;3.99;259.59;20.95;775.02;798.63;5.23
PHZ51/PHB47;Testcross_Ames2015A;9.36;331;-3.33;760.42;754.82;3.83;253.81;17.43;787.48;803.51;5.53
BGEM-0001-N/PHB47;Testcross_Ames2015B;7.41;365.91;-3.55;742.64;736.51;5.26;285.67;18.23;740.38;758.68;2.15
BGEM-0003-N/PHB47;Testcross_Ames2015B;10.4;348.45;-0.07;754.76;754.71;4.64;270.21;18.87;780.19;797.07;5.76
BGEM-0005-N/PHB47;Testcross_Ames2015B;7.06;294.15;-8.08;796.92;783.49;3.19;242.73;14.61;780.19;788.58;3.88
BGEM-0006-S/PHZ51;Testcross_Ames2015B;8.57;348.45;-3.63;754.76;748.6;4.84;271.93;25.75;752.25;784.73;3.74
BGEM-0008-S/PHZ51;Testcross_Ames2015B;6.11;323.24;-0.07;748.7;748.6;3.4;253.04;19.48;778.88;797.07;2.71
BGEM-0010-S/PHZ51;Testcross_Ames2015B;8.97;344.57;-0.07;748.7;748.6;4.27;256.47;16.94;784.33;797.07;4.71
BGEM-0011-S/PHZ51;Testcross_Ames2015B;9.32;332.94;-3.33;766.48;760.94;4.22;247.89;24.74;805.11;831.98;5.09
BGEM-0012-S/PHZ51;Testcross_Ames2015B;6.91;327.12;-3.63;754.76;748.6;4.45;244.45;22.93;758.29;784.73;2.46
BGEM-0013-S/PHZ51;Testcross_Ames2015B;7.19;338.75;-3.55;748.7;742.62;4.36;261.63;12.67;746.32;753.15;2.83
BGEM-0018-S/PHZ51;Testcross_Ames2015B;9.37;323.24;-5.1;780.13;771.66;3.55;263.34;30.86;784.33;824.79;5.82
BGEM-0019-S/PHZ51;Testcross_Ames2015B;9.58;342.63;-3.69;767.09;760.94;5.1;270.21;15.22;778.88;788.58;4.47
BGEM-0022-S/PHZ51;Testcross_Ames2015B;8.09;321.3;-6.95;772.65;760.94;4.8;258.19;17.55;769.78;784.73;3.29
BGEM-0023-S/PHZ51;Testcross_Ames2015B;7.4;338.75;3.54;754.76;760.94;4.62;254.76;31.35;757.8;801.04;2.78
BGEM-0024-S/PHZ51;Testcross_Ames2015B;8.63;342.63;-7.1;748.7;736.51;3.96;249.6;14.87;777.11;786.23;4.67
BGEM-0025-S/PHZ51;Testcross_Ames2015B;8.5;354.27;-3.63;754.76;748.6;4.19;261.63;18.11;781.8;797.05;4.3
BGEM-0026-S/PHZ51;Testcross_Ames2015B;8.15;323.24;-0.07;742.64;742.49;4.6;254.76;14.61;768.71;777.88;3.56
BGEM-0027-S/PHZ51;Testcross_Ames2015B;7.36;331;-3.69;767.09;760.94;4.72;266.78;17.55;769.78;784.73;2.64
BGEM-0028-S/PHZ51;Testcross_Ames2015B;6.32;315.48;6.74;754.87;766.54;4.05;256.47;18.05;758.29;775.02;2.27
BGEM-0029-S/PHZ51;Testcross_Ames2015B;9.05;323.24;-3.63;754.76;748.6;4.32;247.89;14.67;772.84;781.85;4.73
BGEM-0030-S/PHZ51;Testcross_Ames2015B;8.54;329.06;3.19;760.93;766.54;4.95;263.34;28.77;740.38;779.65;3.59
BGEM-0031-S/PHZ51;Testcross_Ames2015B;9.87;342.63;-0.07;748.7;748.6;5.11;273.65;15.5;746.32;758.78;4.76
BGEM-0032-S/PHZ51;Testcross_Ames2015B;7.33;327.12;-0.07;760.93;760.94;3.84;242.73;27.69;752.25;788.58;3.5
BGEM-0033-S/PHZ51;Testcross_Ames2015B;10.93;331;-3.63;754.76;748.6;4.84;268.5;27.92;746.32;783.51;6.09
BGEM-0034-S/PHZ51;Testcross_Ames2015B;10.03;346.51;-3.69;767.09;760.94;3.71;253.04;18.8;789.3;805.42;6.32
BGEM-0035-S/PHZ51;Testcross_Ames2015B;8.62;338.75;-0.07;748.7;748.6;4.57;263.34;16.6;768.71;781.85;4.06
BGEM-0036-S/PHZ51;Testcross_Ames2015B;7.44;334.88;3.48;742.64;748.6;4.3;253.04;18;752.36;769.39;3.14
BGEM-0037-S/PHZ51;Testcross_Ames2015B;6.82;315.48;3.4;730.79;736.51;4.46;254.76;35.58;740.38;793.22;2.36
BGEM-0039-N/PHB47;Testcross_Ames2015B;8.54;346.51;-3.55;748.7;742.62;3.67;277.08;12.67;752.25;758.68;4.86
BGEM-0040-N/PHB47;Testcross_Ames2015B;8.02;340.69;-0.07;760.93;760.94;4.15;258.19;23.48;778.88;805.02;3.86
BGEM-0041-S/PHZ51;Testcross_Ames2015B;7.46;334.88;-0.07;748.7;748.6;4.93;265.06;22.31;758.29;783.51;2.53
BGEM-0042-S/PHZ51;Testcross_Ames2015B;10.45;342.63;6.16;767.09;777.89;4.26;253.04;24.34;793.56;820.42;6.18
BGEM-0044-S/PHZ51;Testcross_Ames2015B;8.6;362.03;-3.63;771.55;765.55;5.59;283.95;16.94;769.78;783.51;3
BGEM-0045-N/PHB47;Testcross_Ames2015B;8.87;336.81;-6.55;748.7;737.46;4.3;268.5;15.5;758.29;769.95;4.57
BGEM-0046-N/PHB47;Testcross_Ames2015B;5.65;317.42;-3.69;760.93;754.71;4.22;247.89;12.67;763.74;769.39;1.43
BGEM-0047-S/PHZ51;Testcross_Ames2015B;7.18;323.24;-3.63;754.76;748.6;4.54;254.76;17.55;758.29;774.02;2.64
BGEM-0048-S/PHZ51;Testcross_Ames2015B;9.8;332.94;-3.69;767.09;760.94;4.55;265.06;17.44;768.71;783.51;5.25
BGEM-0049-S/PHZ51;Testcross_Ames2015B;10.71;331;3.4;742.78;748.6;3.95;275.37;19.48;758.29;777.88;6.76
BGEM-0050-S/PHZ51;Testcross_Ames2015B;9.2;336.81;-3.69;760.93;754.71;4.76;268.5;20.83;746.32;769.39;4.44
BGEM-0051-S/PHZ51;Testcross_Ames2015B;8.04;350.39;-3.63;760.93;754.82;4.29;261.63;18.87;780.19;797.07;3.75
BGEM-0052-S/PHZ51;Testcross_Ames2015B;5.47;309.66;2.9;791.85;797.26;2.81;237.58;22.66;807.96;830.5;2.66
BGEM-0054-S/PHZ51;Testcross_Ames2015B;7.43;340.69;-0.07;742.64;742.49;4.46;270.21;12.67;758.29;764.32;2.97
BGEM-0055-S/PHZ51;Testcross_Ames2015B;7.69;334.88;-3.63;760.93;754.82;4.45;256.47;18.05;752.25;769.39;3.25
BGEM-0059-S/PHZ51;Testcross_Ames2015B;9.45;334.88;-3.69;767.09;760.94;4.3;256.47;18.8;789.3;805.42;5.15
PHB47/BGEM-0061-N;Testcross_Ames2015B;8.82;340.69;-3.69;760.93;754.71;4.3;256.47;22.31;758.29;783.51;4.52
BGEM-0063-N/PHB47;Testcross_Ames2015B;8.37;363.97;-3.55;748.7;742.62;4.81;283.95;12.67;746.32;753.15;3.56
BGEM-0066-N/PHB47;Testcross_Ames2015B;6.95;323.24;-0.07;742.78;742.62;4.17;251.32;18.33;752.25;769.95;2.78
BGEM-0067-S/PHZ51;Testcross_Ames2015B;8.32;319.36;-0.07;748.7;748.6;4.16;254.76;17.55;752.36;768.49;4.15
BGEM-0068-S/PHZ51;Testcross_Ames2015B;8.23;340.69;-0.07;748.7;748.6;3.81;244.45;29.97;752.36;793.22;4.42
BGEM-0070-S/PHZ51;Testcross_Ames2015B;10.28;327.12;3.48;754.87;760.94;4.93;259.91;19.88;769.78;789.36;5.35
BGEM-0071-S/PHZ51;Testcross_Ames2015B;7.6;365.91;-3.69;760.93;754.71;4.51;247.89;17.48;788.59;802.12;3.09
BGEM-0072-S/PHZ51;Testcross_Ames2015B;8.5;346.51;-3.63;754.76;748.6;3.65;258.19;24.41;814.21;839.81;4.85
BGEM-0073-S/PHZ51;Testcross_Ames2015B;10.25;350.39;9.78;754.76;771.66;4.5;258.19;25.25;758.29;789.36;5.75
BGEM-0074-S/PHZ51;Testcross_Ames2015B;6.74;336.81;-7.1;754.76;742.62;4.39;254.76;15.22;787.84;796.93;2.35
BGEM-0078-S/PHZ51;Testcross_Ames2015B;5.19;299.97;14.86;781.94;807.83;2.8;242.73;29.36;788.59;825.77;2.39
BGEM-0079-S/PHZ51;Testcross_Ames2015B;7.36;307.72;3.4;742.78;748.6;4.05;268.5;12.67;746.32;753.15;3.31
BGEM-0080-S/PHZ51;Testcross_Ames2015B;8.84;336.81;-0.07;742.78;742.62;5.22;265.06;18.28;746.32;764.32;3.62
BGEM-0082-S/PHZ51;Testcross_Ames2015B;4.91;299.97;6.52;708.4;719.27;3.74;244.45;22.91;706.92;736.8;1.17
BGEM-0083-S/PHZ51;Testcross_Ames2015B;10.39;338.75;-0.07;754.76;754.71;4.35;259.91;24.85;772.84;802.12;6.04
BGEM-0085-N/PHB47;Testcross_Ames2015B;7.18;321.3;-10.58;748.7;730.53;3.77;247.89;15;780.19;789.36;3.41
BGEM-0087-N/PHB47;Testcross_Ames2015B;7.73;350.39;-6.31;771.55;760.94;3.52;259.91;27.35;798.85;831.34;4.21
BGEM-0088-N/PHB47;Testcross_Ames2015B;9.34;344.57;-6.95;772.65;760.94;4.34;268.5;15.22;758.29;769.39;5
BGEM-0089-N/PHB47;Testcross_Ames2015B;8.44;315.48;-0.07;754.87;754.82;4.95;258.19;12.67;746.32;753.15;3.49
BGEM-0090-N/PHB47;Testcross_Ames2015B;8.8;342.63;3.48;748.7;754.71;4.32;270.21;22.31;758.29;783.51;4.48
BGEM-0094-S/PHZ51;Testcross_Ames2015B;5.34;286.39;6.52;766.48;777.89;3.5;229;19.48;774.75;793.22;1.83
BGEM-0095-S/PHZ51;Testcross_Ames2015B;10.65;327.12;-0.07;760.42;760.43;4.63;261.63;29.69;752.25;792.56;6.02
BGEM-0097-S/PHZ51;Testcross_Ames2015B;9.67;334.88;-3.63;754.76;748.6;4.49;241.02;19.88;769.78;789.36;5.18
BGEM-0099-S/PHZ51;Testcross_Ames2015B;7.46;327.12;-3.69;760.93;754.71;4.3;246.17;16.8;793.56;805.42;3.17
BGEM-0100-S/PHZ51;Testcross_Ames2015B;7.61;332.94;-3.63;754.76;748.6;4.12;249.6;16.86;784.33;796.93;3.48
BGEM-0102-N/PHB47;Testcross_Ames2015B;7.88;329.06;-0.07;760.93;760.94;4.92;275.37;20.38;752.25;774.02;2.96
BGEM-0107-N/PHB47;Testcross_Ames2015B;5.3;292.21;-2.55;792.57;788.61;3.89;232.43;18.54;785.16;801.04;1.4
BGEM-0108-S/PHZ51;Testcross_Ames2015B;8.29;331;9.96;725.67;742.62;4.62;270.21;20.89;728.77;753.15;3.67
BGEM-0110-N/PHB47;Testcross_Ames2015B;7.95;331;2.93;725.67;730.53;4.48;273.65;22.8;718.74;747.62;3.47
BGEM-0120-N/PHB47;Testcross_Ames2015B;8.73;346.51;3.54;748.7;754.82;5.1;266.78;26.3;764.34;797.07;3.63
BGEM-0121-N/PHB47;Testcross_Ames2015B;9.69;356.21;-10.72;754.87;736.51;4.72;256.47;14.61;785.16;793.22;4.97
BGEM-0122-N/PHB47;Testcross_Ames2015B;9.4;342.63;-7.25;760.93;748.6;4.42;254.76;14.61;768.71;777.88;4.98
BGEM-0124-N/PHB47;Testcross_Ames2015B;8.55;342.63;-0.07;730.79;730.53;4.31;261.63;23.78;734.58;764.32;4.23
BGEM-0125-N/PHB47;Testcross_Ames2015B;8.95;352.33;-0.07;748.7;748.6;4.59;278.8;15.45;746.32;758.68;4.36
BGEM-0126-N/PHB47;Testcross_Ames2015B;9.34;331;-3.63;760.93;754.82;4.66;261.63;22.31;752.25;777.88;4.68
BGEM-0127-N/PHB47;Testcross_Ames2015B;7.9;338.75;-3.55;742.64;736.51;4.53;256.47;18.28;746.32;764.32;3.37
BGEM-0129-N/PHB47;Testcross_Ames2015B;4.39;296.09;-9.29;788.35;772.77;2.82;223.84;18.93;769.78;787.48;1.57
BGEM-0130-N/PHB47;Testcross_Ames2015B;8.62;327.12;-0.07;748.7;748.6;3.99;268.5;19.48;758.29;777.88;4.63
BGEM-0131-N/PHB47;Testcross_Ames2015B;5.53;346.51;-0.07;748.7;748.6;4.49;258.19;15.5;752.25;764.32;1.04
BGEM-0133-S/PHZ51;Testcross_Ames2015B;5.76;344.57;10.51;736.72;754.71;4.28;273.65;22.7;763.74;789.36;1.49
BGEM-0134-S/PHZ51;Testcross_Ames2015B;8.4;336.81;6.74;754.87;766.54;4.13;258.19;27.78;772.84;807.95;4.27
BGEM-0136-S/PHZ51;Testcross_Ames2015B;8.34;332.94;3.48;742.64;748.6;4.68;244.45;20.38;763.74;784.73;3.66
BGEM-0137-S/PHZ51;Testcross_Ames2015B;8.14;331;-0.07;748.7;748.6;4.59;265.06;17.55;758.29;774.02;3.55
BGEM-0138-S/PHZ51;Testcross_Ames2015B;7.81;338.75;-3.63;754.76;748.6;4.02;261.63;22.31;752.25;777.88;3.79
BGEM-0140-N/PHB47;Testcross_Ames2015B;6.51;340.69;-0.07;748.7;748.6;4.33;261.63;15.5;752.25;764.32;2.19
BGEM-0141-N/PHB47;Testcross_Ames2015B;9.21;325.18;2.93;725.67;730.53;4.93;254.76;12.67;746.32;753.15;4.28
BGEM-0143-N/PHB47;Testcross_Ames2015B;9.72;338.75;-3.08;736.72;731.34;4.05;265.06;15.22;758.29;769.39;5.67
BGEM-0144-N/PHB47;Testcross_Ames2015B;7.9;352.33;3.4;736.72;742.49;4.81;285.67;15.45;729.56;743.07;3.1
BGEM-0145-N/PHB47;Testcross_Ames2015B;8.44;344.57;-0.07;730.79;730.53;3.81;261.63;15.5;752.25;764.32;4.63
BGEM-0146-N/PHB47;Testcross_Ames2015B;8.22;338.75;-0.07;748.7;748.6;4.66;275.37;22.31;758.29;783.51;3.55
BGEM-0149-S/PHZ51;Testcross_Ames2015B;8.35;340.69;3.48;748.7;754.71;4.18;271.93;15.5;752.25;764.32;4.17
BGEM-0150-S/PHZ51;Testcross_Ames2015B;8.6;313.54;-0.07;742.64;742.49;4.43;244.45;16.94;757.8;772.35;4.17
BGEM-0151-N/PHB47;Testcross_Ames2015B;6.84;305.78;-0.07;760.42;760.43;4.49;249.6;20.38;752.25;774.02;2.35
BGEM-0152-N/PHB47;Testcross_Ames2015B;6.18;313.54;-6.31;771.55;760.94;3.65;251.32;12.67;752.25;758.68;2.53
BGEM-0153-S/PHZ51;Testcross_Ames2015B;9.94;358.15;-3.63;754.76;748.6;4.34;265.06;15.46;793.41;802.6;5.61
BGEM-0154-S/PHZ51;Testcross_Ames2015B;9.13;340.69;3.4;742.78;748.6;4.12;259.91;20.38;752.25;774.02;5.02
BGEM-0155-S/PHZ51;Testcross_Ames2015B;10.81;360.09;3.54;754.76;760.94;5.7;282.24;29.87;780.19;818.96;5.1
BGEM-0157-N/PHB47;Testcross_Ames2015B;8.49;336.81;-7.1;748.7;736.51;4.45;249.6;22.54;757.8;783.51;4.04
BGEM-0158-S/PHZ51;Testcross_Ames2015B;9.21;348.45;-3.63;760.93;754.82;4.64;275.37;23.74;784.33;810.61;4.57
BGEM-0159-S/PHZ51;Testcross_Ames2015B;8.18;354.27;3.54;754.76;760.94;4.37;270.21;14.61;793.56;801.04;3.81
BGEM-0160-S/PHZ51;Testcross_Ames2015B;8.94;346.51;2.9;766.48;771.66;4.73;277.08;23.2;775.22;801.04;4.21
BGEM-0161-S/PHZ51;Testcross_Ames2015B;9.59;354.27;-0.07;767.09;767.16;4.65;259.91;22.31;768.71;793.22;4.94
BGEM-0162-S/PHZ51;Testcross_Ames2015B;8.11;327.12;-3.69;760.93;754.71;3.57;268.5;21.2;775.22;797.07;4.54
BGEM-0164-S/PHZ51;Testcross_Ames2015B;8.66;323.24;-3.63;748.7;742.49;5.1;259.91;15;757.8;768.49;3.56
BGEM-0165-S/PHZ51;Testcross_Ames2015B;5.05;317.42;6.07;810.28;821.32;3.34;249.6;19.67;801.96;818.96;1.71
BGEM-0166-S/PHZ51;Testcross_Ames2015B;4.2;331;2.74;822.35;827.76;2.38;241.02;25.1;835;860.56;1.82
BGEM-0167-S/PHZ51;Testcross_Ames2015B;8.22;338.75;-0.14;754.87;754.71;3.83;247.89;17.33;775.22;789.36;4.4
BGEM-0169-S/PHZ51;Testcross_Ames2015B;8.85;327.12;-0.07;760.93;760.94;4.98;263.34;12.67;778.88;783.51;3.87
BGEM-0170-S/PHZ51;Testcross_Ames2015B;9.01;319.36;-0.07;760.93;760.94;5.21;249.6;19.48;764.34;783.51;3.8
BGEM-0172-S/PHZ51;Testcross_Ames2015B;9.33;367.85;8.64;777.72;792.87;5.07;285.67;18.8;789.3;805.42;4.26
BGEM-0173-S/PHZ51;Testcross_Ames2015B;8.69;346.51;-0.07;754.87;754.82;4.54;283.95;19.48;769.78;788.58;4.15
BGEM-0174-N/PHB47;Testcross_Ames2015B;8.78;332.94;-3.69;760.93;754.71;4.39;259.91;12.67;746.32;753.15;4.39
BGEM-0175-S/PHZ51;Testcross_Ames2015B;4.43;317.42;11.18;796.79;816.48;2.32;225.56;35.89;812.22;860.8;2.11
BGEM-0182-N/PHB47;Testcross_Ames2015B;8.61;350.39;-3.63;760.93;754.82;4.15;275.37;22.31;763.74;788.58;4.46
BGEM-0184-N/PHB47;Testcross_Ames2015B;7.09;325.18;-0.07;730.79;730.53;4.86;253.04;18.23;740.38;758.68;2.22
BGEM-0186-S/PHZ51;Testcross_Ames2015B;8.37;332.94;-0.07;766.48;766.54;4.04;251.32;22.42;764.34;789.36;4.32
BGEM-0187-S/PHZ51;Testcross_Ames2015B;7.08;352.33;-0.07;767.09;767.16;5.17;266.78;29.13;758.29;797.07;1.91
BGEM-0188-S/PHZ51;Testcross_Ames2015B;7.54;352.33;-0.07;760.93;760.94;4.04;265.06;17.55;769.78;784.73;3.5
BGEM-0190-N/PHB47;Testcross_Ames2015B;9.04;325.18;-0.07;754.87;754.82;4.63;253.04;24.86;758.29;788.58;4.41
BGEM-0191-N/PHB47;Testcross_Ames2015B;8.9;334.88;-0.01;754.76;754.82;4.6;266.78;15.5;752.25;764.32;4.3
BGEM-0192-N/PHB47;Testcross_Ames2015B;12;336.81;-0.07;754.87;754.82;3.51;259.91;12.67;746.32;753.15;8.49
BGEM-0193-N/PHB47;Testcross_Ames2015B;8.22;331;-7.03;742.64;730.53;4.9;261.63;23.21;752.25;779.65;3.32
BGEM-0196-N/PHB47;Testcross_Ames2015B;9.13;338.75;0;742.64;742.62;4.96;270.21;15.5;752.25;764.32;4.18
BGEM-0198-S/PHZ51;Testcross_Ames2015B;8.86;352.33;-3.55;742.64;736.51;4.62;282.24;12.67;740.38;747.62;4.25
BGEM-0199-S/PHZ51;Testcross_Ames2015B;9.85;342.63;-0.07;760.93;760.94;4.49;268.5;18.05;781.8;796.93;5.37
BGEM-0200-S/PHZ51;Testcross_Ames2015B;8.65;350.39;-3.69;767.09;760.94;4.57;282.24;21.81;769.78;793.22;4.09
BGEM-0201-N/PHB47;Testcross_Ames2015B;9.63;336.81;13.99;730.79;754.71;5.14;263.34;18.05;752.25;769.39;4.5
BGEM-0202-N/PHB47;Testcross_Ames2015B;7.22;331;-7.17;754.87;742.62;5.74;266.78;20.38;752.25;774.02;1.48
BGEM-0203-N/PHB47;Testcross_Ames2015B;8.65;331;3.54;742.78;748.84;3.59;263.34;29.92;746.32;787.48;5.06
BGEM-0204-N/PHB47;Testcross_Ames2015B;9.36;336.81;-3.55;748.7;742.62;4.69;268.5;15.5;752.25;764.32;4.67
BGEM-0205-N/PHB47;Testcross_Ames2015B;8.82;309.66;-3.63;754.76;748.6;4.79;261.63;15.5;758.29;769.95;4.03
BGEM-0206-N/PHB47;Testcross_Ames2015B;6.75;315.48;0;742.64;742.62;4.3;256.47;12.67;764.34;769.95;2.44
BGEM-0207-N/PHB47;Testcross_Ames2015B;8.04;348.45;-7.1;748.7;736.51;4.68;246.17;18.33;752.25;769.95;3.36
BGEM-0209-N/PHB47;Testcross_Ames2015B;9.5;334.88;-3.55;748.7;742.62;4.35;265.06;15.39;740.51;753.15;5.15
BGEM-0210-N/PHB47;Testcross_Ames2015B;8.7;336.81;-0.07;760.93;760.94;4.23;261.63;19.71;757.8;777.88;4.47
BGEM-0211-N/PHB47;Testcross_Ames2015B;10.11;358.15;-3.63;760.93;754.82;3.95;259.91;24.36;764.34;793.22;6.16
BGEM-0213-S/PHZ51;Testcross_Ames2015B;9.63;358.15;-0.07;760.93;760.94;4.35;268.5;14.61;789.3;797.07;5.28
BGEM-0215-N/PHB47;Testcross_Ames2015B;5.88;309.66;-3.63;760.93;754.82;2.78;247.89;24.31;758.29;787.48;3.1
BGEM-0216-N/PHB47;Testcross_Ames2015B;8.94;323.24;-3.55;748.7;742.62;4.76;249.6;18.05;752.25;769.39;4.18
BGEM-0218-S/PHZ51;Testcross_Ames2015B;8.36;317.42;3.54;748.7;754.82;4.18;249.6;25.09;752.36;783.51;4.19
BGEM-0221-S/PHZ51;Testcross_Ames2015B;9.28;325.18;-0.07;748.7;748.6;3.24;242.73;20.03;783.15;802.12;6.03
BGEM-0222-S/PHZ51;Testcross_Ames2015B;9.56;338.75;-0.07;742.64;742.49;4.96;265.06;27.19;758.29;793.22;4.61
BGEM-0223-N/PHB47;Testcross_Ames2015B;8.69;332.94;-0.07;760.93;760.94;3.62;247.89;25.09;757.8;788.58;5.07
BGEM-0224-N/PHB47;Testcross_Ames2015B;8.05;336.81;-3.69;767.09;760.94;3.78;261.63;26.86;758.29;792.56;4.26
BGEM-0225-N/PHB47;Testcross_Ames2015B;7.74;321.3;3.48;754.87;760.94;3.89;237.58;23.73;781.8;808.23;3.86
BGEM-0226-S/PHZ51;Testcross_Ames2015B;9.54;327.12;-3.63;748.7;742.49;5.43;265.06;15.5;758.29;769.95;4.11
BGEM-0227-N/PHB47;Testcross_Ames2015B;5.83;331;-11.25;802.32;783.49;2.79;223.84;16.94;780.19;793.22;3.04
BGEM-0228-N/PHB47;Testcross_Ames2015B;9.35;348.45;-3.55;754.87;748.84;4.73;271.93;15.45;740.38;753.15;4.61
BGEM-0233-S/PHZ51;Testcross_Ames2015B;9.66;352.33;-3.33;766.48;760.94;4.59;278.8;21.42;774.75;797.07;5.07
BGEM-0235-N/PHB47;Testcross_Ames2015B;9.42;332.94;-7.1;748.7;736.51;4.89;241.02;12.67;752.36;758.78;4.54
BGEM-0236-S/PHZ51;Testcross_Ames2015B;8.35;352.33;-3.69;760.93;754.71;3.74;259.91;21.2;775.22;797.07;4.61
BGEM-0237-N/PHB47;Testcross_Ames2015B;7.66;348.45;-0.07;772.65;772.77;3.98;277.08;14.61;774.75;783.51;3.68
BGEM-0239-N/PHB47;Testcross_Ames2015B;9.15;340.69;-3.63;754.76;748.6;4.69;251.32;21.04;781.8;802.88;4.46
BGEM-0240-N/PHB47;Testcross_Ames2015B;8.52;344.57;-3.55;742.64;736.51;3.97;249.6;12.67;752.25;758.68;4.54
BGEM-0242-N/PHB47;Testcross_Ames2015B;7.88;327.12;-0.14;754.87;754.71;4.69;261.63;22.31;752.25;777.88;3.19
BGEM-0243-S/PHZ51;Testcross_Ames2015B;7.73;329.06;-3.69;760.93;754.71;4.43;256.47;18.05;752.25;769.39;3.3
BGEM-0244-S/PHZ51;Testcross_Ames2015B;8.73;329.06;-0.07;748.7;748.6;4.3;251.32;23.43;752.25;780.09;4.42
BGEM-0246-N/PHB47;Testcross_Ames2015B;8.36;329.06;3.48;748.7;754.71;5;268.5;15.5;746.32;758.78;3.36
BGEM-0247-N/PHB47;Testcross_Ames2015B;8.23;331;-0.07;783.28;783.49;4.4;251.32;27.09;752.36;787.48;3.83
BGEM-0248-N/PHB47;Testcross_Ames2015B;6.71;313.54;3.19;760.93;766.54;3.67;253.04;19.48;774.75;793.22;3.03
BGEM-0250-S/PHZ51;Testcross_Ames2015B;10.87;379.48;-5.96;815.97;806.35;4.19;280.52;25.34;834.48;860.56;6.69
BGEM-0252-S/PHZ51;Testcross_Ames2015B;9.71;348.45;-0.07;760.93;760.94;4.27;259.91;23.68;778.88;805.42;5.44
BGEM-0253-N/PHB47;Testcross_Ames2015B;7.22;352.33;-0.07;748.7;748.6;4.59;259.91;15.5;752.25;764.32;2.63
BGEM-0254-S/PHZ51;Testcross_Ames2015B;8.78;331;3.54;754.76;760.94;3.39;247.89;19.48;764.34;783.51;5.39
BGEM-0255-S/PHZ51;Testcross_Ames2015B;8.7;338.75;-3.69;767.09;760.94;4.6;268.5;22.31;758.29;783.51;4.1
BGEM-0256-N/PHB47;Testcross_Ames2015B;8.48;331;3.48;742.64;748.6;3.87;247.89;20.03;783.15;802.12;4.62
BGEM-0257-S/PHZ51;Testcross_Ames2015B;9.52;332.94;-0.07;772.65;772.77;5.11;259.91;24.29;783.15;810.61;4.41
BGEM-0258-S/PHZ51;Testcross_Ames2015B;8.33;340.69;-3.05;777.72;772.77;5.14;261.63;20.8;789.3;809.39;3.19
BGEM-0259-N/PHB47;Testcross_Ames2015B;8.77;342.63;-0.07;748.7;748.6;5.86;277.08;18.28;746.32;764.32;2.91
BGEM-0260-N/PHB47;Testcross_Ames2015B;6.2;296.09;-0.07;792.57;792.87;3.16;225.56;16.6;789.3;801.04;3.04
BGEM-0261-S/PHZ51;Testcross_Ames2015B;8.5;321.3;-0.07;748.7;748.6;4.39;254.76;20.88;752.25;775.02;4.11
BGEM-0265-S/PHZ51;Testcross_Ames2015B;7.89;321.3;3.48;760.42;766.54;4.09;256.47;25.75;752.25;784.73;3.8
BGEM-0266-S/PHZ51;Testcross_Ames2015B;3.98;284.45;18.52;801.14;833.5;2.39;220.41;28.9;816.91;851.25;1.59
BGEM-0268-S/PHZ51;Testcross_Ames2015B;9.06;358.15;2.9;772.65;777.89;3.6;278.8;18.8;789.3;805.42;5.46
BGEM-0269-S/PHZ51;Testcross_Ames2015B;4.3;290.27;9.41;810.28;827.05;2.51;227.28;25.79;818.48;846.52;1.79
BGEM-0270-S/PHZ51;Testcross_Ames2015B;9.02;329.06;-0.07;748.7;748.6;4.86;265.06;20.88;752.25;775.02;4.16
PHB47/PHZ51;Testcross_Ames2015B;9.22;334.88;-3.63;754.76;748.6;5.04;261.63;15.5;746.32;758.78;4.17
PHZ51/PHB47;Testcross_Ames2015B;9.36;331;-3.33;760.42;754.82;5.24;251.32;15.5;758.29;769.95;4.12
BGEM-0001-N/PHB47;Perse_Ames2014;10.54;338.72;NA;NA;NA;8.19;312.44;NA;NA;NA;2.35
BGEM-0003-N/PHB47;Perse_Ames2014;11.01;342.35;NA;NA;NA;8.46;306.46;NA;NA;NA;2.55
BGEM-0005-N/PHB47;Perse_Ames2014;12.24;286.95;NA;NA;NA;8.22;270.58;NA;NA;NA;4.02
BGEM-0006-S/PHZ51;Perse_Ames2014;10.82;321.46;NA;NA;NA;8.32;307.45;NA;NA;NA;2.5
BGEM-0008-S/PHZ51;Perse_Ames2014;11.47;302.39;NA;NA;NA;7.94;286.53;NA;NA;NA;3.53
BGEM-0010-S/PHZ51;Perse_Ames2014;10.21;320.55;NA;NA;NA;8.36;304.46;NA;NA;NA;1.85
BGEM-0011-S/PHZ51;Perse_Ames2014;11.35;312.38;NA;NA;NA;8.49;306.46;NA;NA;NA;2.86
BGEM-0012-S/PHZ51;Perse_Ames2014;11.5;316.92;NA;NA;NA;8.1;288.52;NA;NA;NA;3.41
BGEM-0013-S/PHZ51;Perse_Ames2014;10.1;319.64;NA;NA;NA;8.27;298.49;NA;NA;NA;1.83
BGEM-0018-S/PHZ51;Perse_Ames2014;11.65;325.09;NA;NA;NA;8.56;302.47;NA;NA;NA;3.09
BGEM-0019-S/PHZ51;Perse_Ames2014;12.59;330.54;NA;NA;NA;8.36;303.47;NA;NA;NA;4.23
BGEM-0022-S/PHZ51;Perse_Ames2014;12.09;319.64;NA;NA;NA;8.2;298.49;NA;NA;NA;3.89
BGEM-0023-S/PHZ51;Perse_Ames2014;11.27;323.28;NA;NA;NA;8.32;298.49;NA;NA;NA;2.95
BGEM-0024-S/PHZ51;Perse_Ames2014;10.86;317.83;NA;NA;NA;8.39;304.46;NA;NA;NA;2.46
BGEM-0025-S/PHZ51;Perse_Ames2014;12.27;338.72;NA;NA;NA;8.27;308.45;NA;NA;NA;4
BGEM-0026-S/PHZ51;Perse_Ames2014;7.93;309.65;NA;NA;NA;8.31;294.5;NA;NA;NA;-0.38
BGEM-0027-S/PHZ51;Perse_Ames2014;10.03;323.28;NA;NA;NA;8;302.47;NA;NA;NA;2.03
BGEM-0028-S/PHZ51;Perse_Ames2014;10.73;312.38;NA;NA;NA;7.97;286.53;NA;NA;NA;2.76
BGEM-0029-S/PHZ51;Perse_Ames2014;11.38;307.83;NA;NA;NA;8.43;282.54;NA;NA;NA;2.95
BGEM-0030-S/PHZ51;Perse_Ames2014;11.4;325.09;NA;NA;NA;8.48;309.45;NA;NA;NA;2.92
BGEM-0031-S/PHZ51;Perse_Ames2014;10.88;326.91;NA;NA;NA;8.47;310.44;NA;NA;NA;2.41
BGEM-0032-S/PHZ51;Perse_Ames2014;10.64;308.74;NA;NA;NA;8.3;278.56;NA;NA;NA;2.34
BGEM-0033-S/PHZ51;Perse_Ames2014;10.85;317.83;NA;NA;NA;8.61;302.47;NA;NA;NA;2.24
BGEM-0034-S/PHZ51;Perse_Ames2014;10.75;325.09;NA;NA;NA;8.56;303.47;NA;NA;NA;2.19
BGEM-0035-S/PHZ51;Perse_Ames2014;11.77;318.73;NA;NA;NA;8.29;299.48;NA;NA;NA;3.48
BGEM-0036-S/PHZ51;Perse_Ames2014;11.34;316.01;NA;NA;NA;7.86;296.49;NA;NA;NA;3.47
BGEM-0037-S/PHZ51;Perse_Ames2014;12.48;314.19;NA;NA;NA;8.01;283.54;NA;NA;NA;4.47
BGEM-0039-N/PHB47;Perse_Ames2014;10.24;330.54;NA;NA;NA;8.13;301.47;NA;NA;NA;2.11
BGEM-0040-N/PHB47;Perse_Ames2014;11.7;331.45;NA;NA;NA;8.26;305.46;NA;NA;NA;3.44
BGEM-0041-S/PHZ51;Perse_Ames2014;10.71;326;NA;NA;NA;8.26;284.34;NA;NA;NA;2.45
BGEM-0042-S/PHZ51;Perse_Ames2014;13.73;326.91;NA;NA;NA;8.53;308.45;NA;NA;NA;5.21
BGEM-0044-S/PHZ51;Perse_Ames2014;7.66;327.82;NA;NA;NA;8.32;305.46;NA;NA;NA;-0.67
BGEM-0045-N/PHB47;Perse_Ames2014;7.69;331.45;NA;NA;NA;8.02;310.44;NA;NA;NA;-0.33
BGEM-0046-N/PHB47;Perse_Ames2014;11.85;318.73;NA;NA;NA;8.12;285.53;NA;NA;NA;3.73
BGEM-0047-S/PHZ51;Perse_Ames2014;10.95;312.38;NA;NA;NA;8.25;294.5;NA;NA;NA;2.7
BGEM-0048-S/PHZ51;Perse_Ames2014;12.08;322.37;NA;NA;NA;8.43;305.46;NA;NA;NA;3.64
BGEM-0049-S/PHZ51;Perse_Ames2014;8.24;321.46;NA;NA;NA;8.63;301.47;NA;NA;NA;-0.39
BGEM-0050-S/PHZ51;Perse_Ames2014;12.04;321.46;NA;NA;NA;8.51;304.46;NA;NA;NA;3.53
BGEM-0051-S/PHZ51;Perse_Ames2014;8.37;330.54;NA;NA;NA;8.18;305.46;NA;NA;NA;0.19
BGEM-0052-S/PHZ51;Perse_Ames2014;11.23;300.57;NA;NA;NA;8.09;267.6;NA;NA;NA;3.14
BGEM-0054-S/PHZ51;Perse_Ames2014;11.62;326.91;NA;NA;NA;8.37;304.46;NA;NA;NA;3.25
BGEM-0055-S/PHZ51;Perse_Ames2014;11.77;317.83;NA;NA;NA;8.08;300.48;NA;NA;NA;3.69
BGEM-0059-S/PHZ51;Perse_Ames2014;11.45;315.1;NA;NA;NA;8.34;299.48;NA;NA;NA;3.11
PHB47/BGEM-0061-N;Perse_Ames2014;11.6;325.09;NA;NA;NA;8.42;305.46;NA;NA;NA;3.18
BGEM-0063-N/PHB47;Perse_Ames2014;9.06;292.39;NA;NA;NA;8.45;310.44;NA;NA;NA;0.61
BGEM-0066-N/PHB47;Perse_Ames2014;10.81;306.02;NA;NA;NA;8.4;292.51;NA;NA;NA;2.41
BGEM-0067-S/PHZ51;Perse_Ames2014;10.96;313.28;NA;NA;NA;8.37;294.5;NA;NA;NA;2.59
BGEM-0068-S/PHZ51;Perse_Ames2014;10.8;312.38;NA;NA;NA;8.15;289.52;NA;NA;NA;2.64
BGEM-0070-S/PHZ51;Perse_Ames2014;11;311.47;NA;NA;NA;8.7;300.48;NA;NA;NA;2.31
BGEM-0071-S/PHZ51;Perse_Ames2014;12.05;319.64;NA;NA;NA;8.04;301.47;NA;NA;NA;4.01
BGEM-0072-S/PHZ51;Perse_Ames2014;11.2;317.83;NA;NA;NA;8.37;294.5;NA;NA;NA;2.82
BGEM-0073-S/PHZ51;Perse_Ames2014;11.36;322.37;NA;NA;NA;8.68;308.45;NA;NA;NA;2.68
BGEM-0074-S/PHZ51;Perse_Ames2014;11.53;318.73;NA;NA;NA;8.04;288.52;NA;NA;NA;3.49
BGEM-0078-S/PHZ51;Perse_Ames2014;11.53;286.95;NA;NA;NA;8;274.57;NA;NA;NA;3.53
BGEM-0079-S/PHZ51;Perse_Ames2014;11.82;276.95;NA;NA;NA;8.21;299.48;NA;NA;NA;3.6
BGEM-0080-S/PHZ51;Perse_Ames2014;11.33;324.18;NA;NA;NA;8.26;300.48;NA;NA;NA;3.07
BGEM-0082-S/PHZ51;Perse_Ames2014;10.74;296.94;NA;NA;NA;7.9;266.6;NA;NA;NA;2.84
BGEM-0083-S/PHZ51;Perse_Ames2014;11.77;325.09;NA;NA;NA;8.36;309.45;NA;NA;NA;3.4
BGEM-0085-N/PHB47;Perse_Ames2014;12.02;317.83;NA;NA;NA;8.21;293.5;NA;NA;NA;3.81
BGEM-0087-N/PHB47;Perse_Ames2014;11.75;331.45;NA;NA;NA;8.09;312.44;NA;NA;NA;3.66
BGEM-0088-N/PHB47;Perse_Ames2014;10.63;320.55;NA;NA;NA;8.44;300.48;NA;NA;NA;2.18
BGEM-0089-N/PHB47;Perse_Ames2014;10.79;306.93;NA;NA;NA;8.4;287.52;NA;NA;NA;2.39
BGEM-0090-N/PHB47;Perse_Ames2014;12.65;322.37;NA;NA;NA;8.6;303.47;NA;NA;NA;4.05
BGEM-0094-S/PHZ51;Perse_Ames2014;10.73;275.14;NA;NA;NA;8;248.66;NA;NA;NA;2.73
BGEM-0095-S/PHZ51;Perse_Ames2014;11.34;315.1;NA;NA;NA;8.66;294.5;NA;NA;NA;2.68
BGEM-0097-S/PHZ51;Perse_Ames2014;11.2;314.19;NA;NA;NA;8.33;301.47;NA;NA;NA;2.87
BGEM-0099-S/PHZ51;Perse_Ames2014;11.5;316.01;NA;NA;NA;8.12;301.47;NA;NA;NA;3.38
BGEM-0100-S/PHZ51;Perse_Ames2014;10.66;315.1;NA;NA;NA;8;296.49;NA;NA;NA;2.66
BGEM-0102-N/PHB47;Perse_Ames2014;9.63;316.92;NA;NA;NA;8.07;305.46;NA;NA;NA;1.56
BGEM-0107-N/PHB47;Perse_Ames2014;10.82;299.66;NA;NA;NA;7.72;272.58;NA;NA;NA;3.09
BGEM-0108-S/PHZ51;Perse_Ames2014;11.05;316.92;NA;NA;NA;8.23;297.49;NA;NA;NA;2.82
BGEM-0110-N/PHB47;Perse_Ames2014;11.37;327.82;NA;NA;NA;8.22;306.46;NA;NA;NA;3.14
BGEM-0120-N/PHB47;Perse_Ames2014;12.05;325.09;NA;NA;NA;8.04;298.49;NA;NA;NA;4.01
BGEM-0121-N/PHB47;Perse_Ames2014;10.66;343.26;NA;NA;NA;8.18;318.41;NA;NA;NA;2.48
BGEM-0122-N/PHB47;Perse_Ames2014;9.3;332.36;NA;NA;NA;8.53;303.47;NA;NA;NA;0.77
BGEM-0124-N/PHB47;Perse_Ames2014;11.15;332.36;NA;NA;NA;8.32;291.51;NA;NA;NA;2.83
BGEM-0125-N/PHB47;Perse_Ames2014;11.68;290.58;NA;NA;NA;8.4;299.48;NA;NA;NA;3.28
BGEM-0126-N/PHB47;Perse_Ames2014;11.69;319.64;NA;NA;NA;8.25;301.47;NA;NA;NA;3.44
BGEM-0127-N/PHB47;Perse_Ames2014;11.55;316.01;NA;NA;NA;8.23;300.48;NA;NA;NA;3.32
BGEM-0129-N/PHB47;Perse_Ames2014;11.95;280.59;NA;NA;NA;7.79;261.62;NA;NA;NA;4.17
BGEM-0130-N/PHB47;Perse_Ames2014;10.68;318.73;NA;NA;NA;8.35;306.46;NA;NA;NA;2.34
BGEM-0131-N/PHB47;Perse_Ames2014;11.01;316.01;NA;NA;NA;8.1;289.52;NA;NA;NA;2.91
BGEM-0133-S/PHZ51;Perse_Ames2014;11.06;326;NA;NA;NA;8.25;301.47;NA;NA;NA;2.81
BGEM-0134-S/PHZ51;Perse_Ames2014;10.78;318.73;NA;NA;NA;8.51;296.49;NA;NA;NA;2.27
BGEM-0136-S/PHZ51;Perse_Ames2014;12.25;312.38;NA;NA;NA;8.3;288.52;NA;NA;NA;3.95
BGEM-0137-S/PHZ51;Perse_Ames2014;11.2;313.28;NA;NA;NA;8.25;290.51;NA;NA;NA;2.95
BGEM-0138-S/PHZ51;Perse_Ames2014;7.1;322.37;NA;NA;NA;8.5;301.47;NA;NA;NA;-1.4
BGEM-0140-N/PHB47;Perse_Ames2014;11.37;312.38;NA;NA;NA;8.12;294.5;NA;NA;NA;3.25
BGEM-0141-N/PHB47;Perse_Ames2014;10.63;312.38;NA;NA;NA;8.31;280.55;NA;NA;NA;2.32
BGEM-0143-N/PHB47;Perse_Ames2014;11.31;320.55;NA;NA;NA;8.45;296.49;NA;NA;NA;2.85
BGEM-0144-N/PHB47;Perse_Ames2014;11.02;324.18;NA;NA;NA;8.32;303.47;NA;NA;NA;2.7
BGEM-0145-N/PHB47;Perse_Ames2014;11.02;326.91;NA;NA;NA;8.44;308.45;NA;NA;NA;2.58
BGEM-0146-N/PHB47;Perse_Ames2014;11.55;323.28;NA;NA;NA;8.41;302.47;NA;NA;NA;3.14
BGEM-0149-S/PHZ51;Perse_Ames2014;12.41;316.92;NA;NA;NA;8.23;294.5;NA;NA;NA;4.17
BGEM-0150-S/PHZ51;Perse_Ames2014;11.68;314.19;NA;NA;NA;8.28;287.52;NA;NA;NA;3.4
BGEM-0151-N/PHB47;Perse_Ames2014;11.31;298.75;NA;NA;NA;8.28;271.58;NA;NA;NA;3.02
BGEM-0152-N/PHB47;Perse_Ames2014;11.6;301.48;NA;NA;NA;8.16;281.55;NA;NA;NA;3.44
BGEM-0153-S/PHZ51;Perse_Ames2014;11.22;331.45;NA;NA;NA;8.15;309.45;NA;NA;NA;3.08
BGEM-0154-S/PHZ51;Perse_Ames2014;11.77;324.18;NA;NA;NA;7.96;296.49;NA;NA;NA;3.81
BGEM-0155-S/PHZ51;Perse_Ames2014;11.59;334.17;NA;NA;NA;8.41;307.45;NA;NA;NA;3.18
BGEM-0157-N/PHB47;Perse_Ames2014;8.43;313.28;NA;NA;NA;8.23;289.52;NA;NA;NA;0.19
BGEM-0158-S/PHZ51;Perse_Ames2014;12.11;329.63;NA;NA;NA;8.44;308.45;NA;NA;NA;3.68
BGEM-0159-S/PHZ51;Perse_Ames2014;11.44;334.17;NA;NA;NA;8.32;302.47;NA;NA;NA;3.12
BGEM-0160-S/PHZ51;Perse_Ames2014;10.92;329.63;NA;NA;NA;8.45;306.46;NA;NA;NA;2.47
BGEM-0161-S/PHZ51;Perse_Ames2014;11.85;329.63;NA;NA;NA;7.94;301.47;NA;NA;NA;3.91
BGEM-0162-S/PHZ51;Perse_Ames2014;11.39;319.64;NA;NA;NA;8.42;290.51;NA;NA;NA;2.98
BGEM-0164-S/PHZ51;Perse_Ames2014;11.37;320.55;NA;NA;NA;8.58;297.49;NA;NA;NA;2.8
BGEM-0165-S/PHZ51;Perse_Ames2014;12.6;308.74;NA;NA;NA;8.05;300.48;NA;NA;NA;4.55
BGEM-0166-S/PHZ51;Perse_Ames2014;12.47;303.29;NA;NA;NA;7.83;292.51;NA;NA;NA;4.64
BGEM-0167-S/PHZ51;Perse_Ames2014;11.9;309.65;NA;NA;NA;8.23;296.49;NA;NA;NA;3.67
BGEM-0169-S/PHZ51;Perse_Ames2014;12.07;329.63;NA;NA;NA;8.34;300.48;NA;NA;NA;3.73
BGEM-0170-S/PHZ51;Perse_Ames2014;11.76;313.28;NA;NA;NA;8.23;295.5;NA;NA;NA;3.53
BGEM-0172-S/PHZ51;Perse_Ames2014;11.44;342.35;NA;NA;NA;8.42;311.44;NA;NA;NA;3.02
BGEM-0173-S/PHZ51;Perse_Ames2014;12.09;331.45;NA;NA;NA;8.33;314.43;NA;NA;NA;3.76
BGEM-0174-N/PHB47;Perse_Ames2014;11.65;319.64;NA;NA;NA;8.45;300.48;NA;NA;NA;3.2
BGEM-0175-S/PHZ51;Perse_Ames2014;11.47;292.39;NA;NA;NA;8.18;255.64;NA;NA;NA;3.29
BGEM-0182-N/PHB47;Perse_Ames2014;11.24;330.54;NA;NA;NA;8.42;306.46;NA;NA;NA;2.81
BGEM-0184-N/PHB47;Perse_Ames2014;11.11;314.19;NA;NA;NA;8.25;296.49;NA;NA;NA;2.86
BGEM-0186-S/PHZ51;Perse_Ames2014;11.89;322.37;NA;NA;NA;8.42;301.47;NA;NA;NA;3.47
BGEM-0187-S/PHZ51;Perse_Ames2014;11.21;321.46;NA;NA;NA;8.38;305.46;NA;NA;NA;2.83
BGEM-0188-S/PHZ51;Perse_Ames2014;12.11;333.27;NA;NA;NA;8.43;308.85;NA;NA;NA;3.69
BGEM-0190-N/PHB47;Perse_Ames2014;11.08;312.38;NA;NA;NA;8.2;293.5;NA;NA;NA;2.89
BGEM-0191-N/PHB47;Perse_Ames2014;9.43;319.64;NA;NA;NA;8.26;296.49;NA;NA;NA;1.18
BGEM-0192-N/PHB47;Perse_Ames2014;11.88;316.92;NA;NA;NA;8.86;292.51;NA;NA;NA;3.01
BGEM-0193-N/PHB47;Perse_Ames2014;11.68;327.82;NA;NA;NA;8.16;297.49;NA;NA;NA;3.52
BGEM-0196-N/PHB47;Perse_Ames2014;9.85;329.63;NA;NA;NA;8.49;305.46;NA;NA;NA;1.36
BGEM-0198-S/PHZ51;Perse_Ames2014;9.15;336.9;NA;NA;NA;8.39;309.45;NA;NA;NA;0.76
BGEM-0199-S/PHZ51;Perse_Ames2014;7.79;321.46;NA;NA;NA;8.59;322.2;NA;NA;NA;-0.79
BGEM-0200-S/PHZ51;Perse_Ames2014;12.36;333.27;NA;NA;NA;8.61;307.45;NA;NA;NA;3.75
BGEM-0201-N/PHB47;Perse_Ames2014;11.58;316.01;NA;NA;NA;8.37;294.5;NA;NA;NA;3.21
BGEM-0202-N/PHB47;Perse_Ames2014;11.1;317.83;NA;NA;NA;8;305.46;NA;NA;NA;3.1
BGEM-0203-N/PHB47;Perse_Ames2014;10.92;317.83;NA;NA;NA;8.33;299.48;NA;NA;NA;2.59
BGEM-0204-N/PHB47;Perse_Ames2014;11.2;325.09;NA;NA;NA;8.38;301.47;NA;NA;NA;2.82
BGEM-0205-N/PHB47;Perse_Ames2014;10.17;308.74;NA;NA;NA;8.28;292.51;NA;NA;NA;1.88
BGEM-0206-N/PHB47;Perse_Ames2014;8.34;312.38;NA;NA;NA;8.17;298.49;NA;NA;NA;0.18
BGEM-0207-N/PHB47;Perse_Ames2014;11.85;306.93;NA;NA;NA;8.14;295.5;NA;NA;NA;3.71
BGEM-0209-N/PHB47;Perse_Ames2014;11.48;325.09;NA;NA;NA;8.46;306.46;NA;NA;NA;3.02
BGEM-0210-N/PHB47;Perse_Ames2014;11.82;322.37;NA;NA;NA;8.43;296.49;NA;NA;NA;3.39
BGEM-0211-N/PHB47;Perse_Ames2014;9.03;332.36;NA;NA;NA;8.36;307.45;NA;NA;NA;0.66
BGEM-0213-S/PHZ51;Perse_Ames2014;6.39;327.82;NA;NA;NA;8.48;307.45;NA;NA;NA;-2.09
BGEM-0215-N/PHB47;Perse_Ames2014;12.07;299.66;NA;NA;NA;8.14;278.56;NA;NA;NA;3.93
BGEM-0216-N/PHB47;Perse_Ames2014;16.11;307.83;NA;NA;NA;8.29;297.49;NA;NA;NA;7.83
BGEM-0218-S/PHZ51;Perse_Ames2014;11.7;314.19;NA;NA;NA;8.29;294.5;NA;NA;NA;3.41
BGEM-0221-S/PHZ51;Perse_Ames2014;12.52;319.64;NA;NA;NA;8.48;303.47;NA;NA;NA;4.03
BGEM-0222-S/PHZ51;Perse_Ames2014;12.18;320.55;NA;NA;NA;8.55;302.47;NA;NA;NA;3.63
BGEM-0223-N/PHB47;Perse_Ames2014;11.09;323.28;NA;NA;NA;8.29;293.5;NA;NA;NA;2.8
BGEM-0225-N/PHB47;Perse_Ames2014;12.08;314.19;NA;NA;NA;8.03;282.54;NA;NA;NA;4.05
BGEM-0226-S/PHZ51;Perse_Ames2014;11.77;317.83;NA;NA;NA;8.32;298.49;NA;NA;NA;3.45
BGEM-0227-N/PHB47;Perse_Ames2014;12.03;296.94;NA;NA;NA;8.03;265.6;NA;NA;NA;4
BGEM-0228-N/PHB47;Perse_Ames2014;10.8;322.37;NA;NA;NA;8.3;308.45;NA;NA;NA;2.5
BGEM-0233-S/PHZ51;Perse_Ames2014;11.2;323.28;NA;NA;NA;8.55;307.45;NA;NA;NA;2.66
BGEM-0235-N/PHB47;Perse_Ames2014;12.39;320.55;NA;NA;NA;8.63;296.49;NA;NA;NA;3.76
BGEM-0236-S/PHZ51;Perse_Ames2014;12.47;325.09;NA;NA;NA;7.98;303.47;NA;NA;NA;4.49
BGEM-0237-N/PHB47;Perse_Ames2014;10.86;340.53;NA;NA;NA;8.07;303.47;NA;NA;NA;2.79
BGEM-0239-N/PHB47;Perse_Ames2014;11.44;331.45;NA;NA;NA;8.45;301.47;NA;NA;NA;2.99
BGEM-0240-N/PHB47;Perse_Ames2014;11.55;325.09;NA;NA;NA;8.27;297.49;NA;NA;NA;3.28
BGEM-0242-N/PHB47;Perse_Ames2014;11.64;314.19;NA;NA;NA;8.42;296.49;NA;NA;NA;3.22
BGEM-0243-S/PHZ51;Perse_Ames2014;9.18;308.74;NA;NA;NA;8.08;289.52;NA;NA;NA;1.1
BGEM-0244-S/PHZ51;Perse_Ames2014;11.68;324.18;NA;NA;NA;8.01;294.5;NA;NA;NA;3.67
BGEM-0246-N/PHB47;Perse_Ames2014;11.67;315.1;NA;NA;NA;8.37;304.46;NA;NA;NA;3.29
BGEM-0247-N/PHB47;Perse_Ames2014;11.14;328.72;NA;NA;NA;8.43;309.45;NA;NA;NA;2.7
BGEM-0248-N/PHB47;Perse_Ames2014;11.52;316.92;NA;NA;NA;8.28;299.48;NA;NA;NA;3.24
BGEM-0250-S/PHZ51;Perse_Ames2014;11.02;346.89;NA;NA;NA;8.38;317.42;NA;NA;NA;2.63
BGEM-0252-S/PHZ51;Perse_Ames2014;11.07;335.08;NA;NA;NA;8.03;301.47;NA;NA;NA;3.03
BGEM-0253-N/PHB47;Perse_Ames2014;11.49;319.64;NA;NA;NA;8.46;287.52;NA;NA;NA;3.03
BGEM-0254-S/PHZ51;Perse_Ames2014;10.28;331.45;NA;NA;NA;8.17;304.46;NA;NA;NA;2.11
BGEM-0255-S/PHZ51;Perse_Ames2014;10.99;320.55;NA;NA;NA;7.96;297.49;NA;NA;NA;3.03
BGEM-0256-N/PHB47;Perse_Ames2014;11.14;321.46;NA;NA;NA;8.43;297.49;NA;NA;NA;2.71
BGEM-0257-S/PHZ51;Perse_Ames2014;10.64;315.1;NA;NA;NA;8.37;304.46;NA;NA;NA;2.27
BGEM-0258-S/PHZ51;Perse_Ames2014;9.31;323.28;NA;NA;NA;8.55;306.46;NA;NA;NA;0.76
BGEM-0259-N/PHB47;Perse_Ames2014;11.11;324.18;NA;NA;NA;8.22;304.46;NA;NA;NA;2.89
BGEM-0260-N/PHB47;Perse_Ames2014;12.73;301.48;NA;NA;NA;8.27;272.58;NA;NA;NA;4.46
BGEM-0261-S/PHZ51;Perse_Ames2014;10.57;310.56;NA;NA;NA;8.1;268.59;NA;NA;NA;2.48
BGEM-0265-S/PHZ51;Perse_Ames2014;10.33;306.02;NA;NA;NA;8.29;296.49;NA;NA;NA;2.05
BGEM-0266-S/PHZ51;Perse_Ames2014;8.96;266.96;NA;NA;NA;8.08;249.66;NA;NA;NA;0.88
BGEM-0268-S/PHZ51;Perse_Ames2014;11.24;326.91;NA;NA;NA;8.11;313.43;NA;NA;NA;3.13
BGEM-0269-S/PHZ51;Perse_Ames2014;11.46;292.39;NA;NA;NA;7.92;274.77;NA;NA;NA;3.54
BGEM-0270-S/PHZ51;Perse_Ames2014;11.91;321.46;NA;NA;NA;8.23;302.07;NA;NA;NA;3.69
PHB47/PHZ51;Perse_Ames2014;11.07;316.01;NA;NA;NA;8.35;299.48;NA;NA;NA;2.72
PHZ51/PHB47;Perse_Ames2014;9.93;315.1;NA;NA;NA;8.71;289.52;NA;NA;NA;1.22
BGEM-0001-N;Perse_Ames2015;2.32;259.49;23.08;817.1;840.64;0.81;180.16;58.89;890.94;956.67;1.51
BGEM-0003-N;Perse_Ames2015;2.71;268.94;15.31;857.56;872.25;0.94;200.33;44.65;915.55;956.67;1.77
BGEM-0005-N;Perse_Ames2015;3.02;240.58;4.8;835.17;837.58;1.17;185.66;24.13;869.01;887.73;1.85
BGEM-0006-S;Perse_Ames2015;2.47;251.92;0.62;821.29;818.8;1.2;202.16;21.19;846.67;864.67;1.27
BGEM-0008-S;Perse_Ames2015;1.73;214.11;53.84;826.61;885.88;0.78;176.49;64.25;895.69;968.45;0.95
BGEM-0010-S;Perse_Ames2015;3.58;240.58;4.8;838.23;840.64;0.97;176.49;30.31;875.17;901.89;2.61
BGEM-0011-S;Perse_Ames2015;2.88;238.69;9.77;877.45;885.78;0.94;170.99;45.13;910.31;952.98;1.94
BGEM-0012-S;Perse_Ames2015;2.84;234.91;4.8;806.96;809.26;1.33;159.99;27.05;831.93;860.78;1.51
BGEM-0013-S;Perse_Ames2015;2.67;221.67;4.8;796.65;798.91;1.08;181.99;18.75;842.05;857.24;1.59
BGEM-0018-S;Perse_Ames2015;2.67;229.23;38.18;826.61;867.72;0.89;198.49;55.29;895.69;955.43;1.78
BGEM-0019-S;Perse_Ames2015;3.05;236.8;-0.26;876.79;873.49;1.1;180.16;29.03;911.55;930.62;1.95
BGEM-0022-S;Perse_Ames2015;3.68;225.45;-3.97;838.23;830.47;0.97;169.16;32.68;890.94;918.59;2.71
BGEM-0023-S;Perse_Ames2015;3.74;223.56;9.39;826.61;834.31;1.56;192.99;18.75;853.88;867.19;2.18
BGEM-0024-S;Perse_Ames2015;2.58;233.01;4.8;784.86;787.08;1.08;180.16;30.93;837.84;871.4;1.49
BGEM-0025-S;Perse_Ames2015;3.39;251.92;-6.79;845.31;834.31;1.02;183.83;36.22;895.69;927.73;2.37
BGEM-0026-S;Perse_Ames2015;2.44;195.2;21.52;851.62;873.49;0.97;148.99;38.33;885.93;922.59;1.47
BGEM-0027-S;Perse_Ames2015;3.48;242.47;16.55;851.62;867.72;0.98;181.99;34.56;930.76;954.81;2.5
BGEM-0028-S;Perse_Ames2015;1.23;193.31;19.55;877.45;897.13;0.86;161.82;36.28;915.55;944.52;0.37
BGEM-0029-S;Perse_Ames2015;2.01;189.53;10.42;845.31;854.28;1.4;145.32;21.14;885.93;897.61;0.61
BGEM-0030-S;Perse_Ames2015;2.47;216;8.85;802.28;809.26;0.92;165.49;34.16;863.51;897.68;1.55
BGEM-0031-S;Perse_Ames2015;3.46;248.14;4.8;811.79;814.1;0.99;185.66;47.09;863.51;916.46;2.47
BGEM-0032-S;Perse_Ames2015;2.06;195.2;14.54;791.02;804.56;0.76;150.82;37.78;852.17;893.4;1.3
BGEM-0033-S;Perse_Ames2015;1.77;219.78;4.8;877.45;880.01;0.86;181.99;30.23;910.79;931.72;0.9
BGEM-0034-S;Perse_Ames2015;2.56;200.87;-17.55;877.45;854.08;1.1;167.32;23.94;900.78;914.17;1.46
BGEM-0035-S;Perse_Ames2015;3.02;214.11;9.77;851.81;860.05;0.83;174.66;45.15;880.27;927.73;2.19
BGEM-0036-S;Perse_Ames2015;1.66;193.31;25.43;865.2;891.65;0.8;159.99;47.57;875.17;926.96;0.86
BGEM-0037-S;Perse_Ames2015;4.68;204.65;27.67;811.79;840.64;1.19;167.32;33.77;819.44;860.05;3.48
BGEM-0039-N;Perse_Ames2015;2.04;219.78;32.71;844.53;879.36;0.94;181.99;38.97;875.17;914.47;1.1
BGEM-0040-N;Perse_Ames2015;2.84;221.67;10.42;851.62;860.61;0.83;172.82;38.97;890.94;927.73;2.02
BGEM-0041-S;Perse_Ames2015;3.71;237.55;4.8;851.81;854.28;0.94;185.66;36.45;874.1;909.91;2.76
BGEM-0042-S;Perse_Ames2015;2.48;223.56;4.8;826.61;828.98;0.88;163.66;37.16;858.34;897.68;1.6
BGEM-0044-S;Perse_Ames2015;3.05;240.58;25.85;863.4;890.34;1.22;192.99;38.76;875.17;914.17;1.82
BGEM-0045-N;Perse_Ames2015;2.75;255.7;4.8;857.56;860.05;0.91;209.5;21.19;890.94;901.89;1.84
BGEM-0046-N;Perse_Ames2015;2.81;214.11;13.72;796.65;809.26;0.97;178.33;38.6;844.01;887.73;1.84
BGEM-0047-S;Perse_Ames2015;3.72;217.89;4.8;806.16;808.45;1.47;180.16;18.75;836.55;852.62;2.24
BGEM-0048-S;Perse_Ames2015;3.11;219.78;10.93;844.53;854.08;1.1;165.49;31.51;846.67;879.66;2.01
BGEM-0049-S;Perse_Ames2015;2.09;259.86;9.39;821.29;828.98;0.9;178.33;37.77;910.9;942.78;1.19
BGEM-0050-S;Perse_Ames2015;2.58;236.8;9.67;796.65;804.56;1.27;185.66;21.19;842.05;860.78;1.3
BGEM-0051-S;Perse_Ames2015;2.44;244.36;16.55;828.09;844.1;1.27;215;31.61;852.17;884.43;1.17
BGEM-0052-S;Perse_Ames2015;1.84;219.78;10.25;831.92;840.64;0.71;176.49;29.93;895.69;918.59;1.13
BGEM-0054-S;Perse_Ames2015;2.16;236.8;19.03;816.47;835.31;2.05;196.66;64.59;846.67;927.73;0.11
BGEM-0055-S;Perse_Ames2015;2.38;216;4.8;823.41;825.77;0.75;159.99;28.33;852.17;879.66;1.62
BGEM-0059-S;Perse_Ames2015;1.61;216;9.77;865.2;873.49;1.28;170.99;21.77;854.68;872.25;0.32
BGEM-0061-N;Perse_Ames2015;1.42;221.67;35.1;911.29;949.14;1.76;170.99;47.04;915.55;960.15;-0.34
BGEM-0063-N;Perse_Ames2015;1.78;231.12;31.16;821.78;854.72;0.85;194.83;33.06;880.27;910.17;0.92
BGEM-0066-N;Perse_Ames2015;2.23;204.65;4.8;802.28;804.56;0.74;158.16;26.9;895.69;914.19;1.49
BGEM-0067-S;Perse_Ames2015;4.3;219.78;-0.07;806.96;803.61;1.04;174.66;24.37;832.35;857.24;3.26
BGEM-0068-S;Perse_Ames2015;2.7;217.89;13.84;801.33;814.1;0.99;170.99;29.8;844.01;874.94;1.7
BGEM-0070-S;Perse_Ames2015;2.26;221.67;4.8;870.95;873.49;1.16;183.83;29.74;859.77;888.1;1.1
BGEM-0071-S;Perse_Ames2015;1.61;225.45;20.98;826.61;847.75;0.83;167.32;35.3;885.93;918.19;0.78
BGEM-0072-S;Perse_Ames2015;1.52;234.91;4.8;883.2;885.78;0.86;194.83;38.02;900.46;934.35;0.65
BGEM-0073-S;Perse_Ames2015;1.64;202.76;10.42;845.31;854.28;0.77;141.66;37.77;920.74;951.06;0.88
BGEM-0074-S;Perse_Ames2015;1.58;206.54;20.6;823.41;844.1;1.13;170.99;24.37;863.51;883.45;0.45
BGEM-0078-S;Perse_Ames2015;1.54;214.11;43.43;806.96;854.08;0.88;192.99;39.23;832.35;878.83;0.66
BGEM-0079-S;Perse_Ames2015;2.17;233.01;18.59;791.02;809.26;1.06;167.32;35.41;828.27;869.86;1.12
BGEM-0080-S;Perse_Ames2015;3.54;216;9.39;811.79;819.44;1.15;194.83;34.2;815.36;857.24;2.38
BGEM-0082-S;Perse_Ames2015;1.75;185.75;26.29;713.59;740.47;0.88;156.32;48.63;771.34;841.18;0.87
BGEM-0083-S;Perse_Ames2015;3.11;246.25;10.93;838.23;847.75;1.07;180.16;27.47;888.86;909.28;2.04
BGEM-0085-N;Perse_Ames2015;1.8;217.89;30.78;816.47;848.95;0.84;183.83;45.15;875.17;923.44;0.96
BGEM-0087-N;Perse_Ames2015;1.38;259.49;19.95;911.84;932.12;0.79;211.33;44.05;930.8;968.63;0.59
BGEM-0088-N;Perse_Ames2015;1.6;229.23;24.61;877.45;903;0.91;181.99;54.86;895.69;954.81;0.69
BGEM-0089-N;Perse_Ames2015;1.69;202.76;13.15;811.64;823.65;0.84;156.32;40.63;846.67;892.92;0.84
BGEM-0090-N;Perse_Ames2015;1.87;242.47;67.27;857.56;932.53;0.88;189.33;73.19;870.17;959.98;0.98
BGEM-0094-S;Perse_Ames2015;2.38;202.76;29.12;770.36;800.74;0.77;154.49;31.25;814.54;852.26;1.61
BGEM-0095-S;Perse_Ames2015;3.16;219.78;15.12;811.47;825.77;1.13;163.66;36.24;852.84;891.73;2.03
BGEM-0097-S;Perse_Ames2015;2.28;212.22;4.8;865.2;867.72;0.96;159.99;21.19;905.53;914.17;1.31
BGEM-0099-S;Perse_Ames2015;1.34;208.44;4.8;816.47;818.8;0.94;176.49;24.46;858.34;879.24;0.4
BGEM-0100-S;Perse_Ames2015;2.07;219.78;-6.79;845.31;834.31;0.9;165.49;27.08;885.84;906.17;1.17
BGEM-0102-N;Perse_Ames2015;1.31;216;60.24;858.7;925.52;0.75;170.99;63.42;936.42;1001.5;0.56
BGEM-0107-N;Perse_Ames2015;1.74;210.33;14.58;863.87;877.73;1.48;196.66;27.03;880.84;901.89;0.26
BGEM-0108-S;Perse_Ames2015;2.25;210.33;14.58;847.42;861.22;1.11;180.16;33.21;870.17;901.89;1.14
BGEM-0110-N;Perse_Ames2015;1.91;216;0.75;806.96;804.56;0.95;180.16;39.23;827.72;874.94;0.96
BGEM-0120-N;Perse_Ames2015;1.85;206.54;57.15;845.31;908.5;0.81;174.66;42.59;910.31;949.28;1.04
BGEM-0121-N;Perse_Ames2015;2.69;253.81;4.8;880.36;882.94;0.98;187.49;44.85;910.79;952.98;1.72
BGEM-0122-N;Perse_Ames2015;4.55;240.58;37.58;845.31;885.78;1.03;191.16;24.13;885.84;901.89;3.52
BGEM-0124-N;Perse_Ames2015;2.04;236.8;58.56;836.99;901.78;0.96;205.83;71.65;864.51;952.98;1.08
BGEM-0125-N;Perse_Ames2015;2.17;236.8;16.38;857.56;873.49;1.35;192.99;35.83;885.02;918.19;0.82
BGEM-0126-N;Perse_Ames2015;2.01;229.23;36.76;831.92;871.4;0.72;178.33;66.11;915.55;987.86;1.29
BGEM-0127-N;Perse_Ames2015;1.55;223.56;15.4;830.49;845.17;0.71;181.99;29.47;849.67;879.22;0.84
BGEM-0129-N;Perse_Ames2015;1.84;193.31;16.38;826.61;842.42;1.06;158.16;30.31;870.17;897.68;0.78
BGEM-0130-N;Perse_Ames2015;1.61;219.78;58.35;821.29;885.78;0.98;189.33;38.77;875.17;914.19;0.63
BGEM-0131-N;Perse_Ames2015;1.36;204.65;46.07;863.55;913.96;0.88;172.82;59.41;873.36;942.63;0.48
BGEM-0133-S;Perse_Ames2015;2.51;231.12;13.57;816.47;828.98;1.17;189.33;40.73;852.17;897.68;1.34
BGEM-0134-S;Perse_Ames2015;1.69;236.8;14.83;858.12;872.25;0.89;194.83;35.63;885.84;918.59;0.8
BGEM-0136-S;Perse_Ames2015;3.05;210.33;26.1;793.16;820.12;1.21;176.49;33.3;831.93;869.86;1.84
BGEM-0137-S;Perse_Ames2015;3.73;212.22;4.8;784.86;787.08;1.65;185.66;38.57;828.86;874.94;2.08
BGEM-0138-S;Perse_Ames2015;1.97;240.58;8.97;811.64;818.8;1.13;180.16;30.93;852.17;883.45;0.84
BGEM-0140-N;Perse_Ames2015;2.67;229.23;26.98;821.78;849.87;0.98;187.49;59.79;864.51;935.74;1.69
BGEM-0141-N;Perse_Ames2015;1.69;183.86;8.97;806.96;814.1;1.17;169.16;44.85;827.72;883.11;0.52
BGEM-0143-N;Perse_Ames2015;2.73;234.91;10.25;821.78;830.47;1.02;189.33;21.19;875.17;888.64;1.71
BGEM-0144-N;Perse_Ames2015;2.66;234.91;23.62;816.47;840.64;0.87;196.66;43.68;859.77;908.36;1.79
BGEM-0145-N;Perse_Ames2015;1.77;227.34;25.15;821.78;847.75;0.83;180.16;43.24;852.84;901.89;0.94
BGEM-0146-N;Perse_Ames2015;1.46;231.12;52.77;868.86;927.06;0.84;196.66;38.21;910.31;942.92;0.63
BGEM-0149-S;Perse_Ames2015;3.85;242.47;9.67;817.78;825.77;0.94;176.49;37.69;846.67;888.64;2.91
BGEM-0150-S;Perse_Ames2015;2.71;181.96;4.8;838.23;840.64;0.91;143.49;28.04;858.34;884.43;1.8
BGEM-0151-N;Perse_Ames2015;2.19;214.11;16.38;863.4;879.36;1.05;163.66;30.31;875.17;901.89;1.14
BGEM-0152-N;Perse_Ames2015;2.74;250.03;0.75;828.09;825.77;1.12;183.83;24.37;852.84;874.47;1.62
BGEM-0153-S;Perse_Ames2015;2.61;238.69;4.8;838.23;840.64;0.98;174.66;59.24;873.36;942.39;1.62
BGEM-0154-S;Perse_Ames2015;1.4;231.12;58.41;832.91;897.52;0.86;185.66;41.39;885.84;926.96;0.54
BGEM-0155-S;Perse_Ames2015;2.02;246.25;22.01;845.31;867.72;0.73;196.66;57.99;905.53;967.63;1.29
BGEM-0157-N;Perse_Ames2015;1.57;225.45;43.7;838.23;885.78;1.44;189.33;38.24;930.8;960.19;0.13
BGEM-0158-S;Perse_Ames2015;3.08;289.74;38.16;838.23;879.36;1.21;200.33;38.86;875.17;914.31;1.88
BGEM-0159-S;Perse_Ames2015;2.23;244.36;4.8;846.5;848.95;1;203.99;51.26;869.01;927.14;1.23
BGEM-0160-S;Perse_Ames2015;2.14;242.47;4.8;870.95;873.49;0.92;183.83;36.21;947.28;971.1;1.22
BGEM-0161-S;Perse_Ames2015;2.14;236.8;4.8;838.23;840.64;0.98;187.49;36.49;864.51;901.89;1.16
BGEM-0162-S;Perse_Ames2015;3.53;214.11;10.25;821.78;830.47;1.24;183.83;32.99;848.22;883.11;2.29
BGEM-0164-S;Perse_Ames2015;2.23;225.45;0.62;826.61;824.14;1.25;176.49;29.74;874.1;900.15;0.99
BGEM-0165-S;Perse_Ames2015;2.01;255.7;34.95;870.95;908.48;0.81;196.66;54.72;890.68;950.4;1.2
BGEM-0166-S;Perse_Ames2015;1.73;242.47;4.82;905.81;908.5;0.79;196.66;35.11;960.21;980.37;0.94
BGEM-0167-S;Perse_Ames2015;1.97;208.44;5.22;821.29;824.14;0.9;169.16;30.31;858.34;887.73;1.07
BGEM-0169-S;Perse_Ames2015;2.43;214.11;14.83;858.12;872.25;1.19;172.82;64.36;864.51;942.39;1.24
BGEM-0170-S;Perse_Ames2015;2.23;221.67;20.7;863.87;884.84;0.95;187.49;40.06;858.34;901.89;1.28
BGEM-0172-S;Perse_Ames2015;2.36;263.27;-0.83;888.75;884.84;1.22;215;40.25;921.65;955.43;1.14
BGEM-0173-S;Perse_Ames2015;1.63;234.91;10.67;821.29;830.47;0.91;194.83;33.22;869.01;900.93;0.72
BGEM-0174-N;Perse_Ames2015;3.05;206.54;20.45;876.79;897.52;0.95;174.66;44.43;863.98;912.98;2.11
BGEM-0175-S;Perse_Ames2015;2.22;238.69;30.06;876.79;908.67;0.85;178.33;52.74;905.7;960.15;1.37
BGEM-0182-N;Perse_Ames2015;2.79;244.36;10.25;826.61;835.31;1.02;187.49;26.89;890.94;910.17;1.77
BGEM-0184-N;Perse_Ames2015;2.49;216;15;790.49;804.56;1.65;181.99;30.37;832.35;865.96;0.84
BGEM-0186-S;Perse_Ames2015;3.01;216;10.93;832.91;842.42;1.12;181.99;28.04;874.1;897.68;1.89
BGEM-0187-S;Perse_Ames2015;1.53;197.09;42.63;845.31;891.65;0.76;154.49;44.77;895.69;940.15;0.77
BGEM-0188-S;Perse_Ames2015;1.69;236.8;15.88;845.31;860.61;0.79;200.33;27.36;880.27;901.89;0.9
BGEM-0190-N;Perse_Ames2015;2.56;206.54;48.57;806.96;860.05;1.19;180.16;52.51;880.84;938.9;1.37
BGEM-0191-N;Perse_Ames2015;1.7;216;40.83;858.7;903;0.77;156.32;63.69;895.69;967.63;0.93
BGEM-0192-N;Perse_Ames2015;1.45;212.22;21.44;857.56;879.36;1.02;187.49;27.08;885.84;906.17;0.42
BGEM-0193-N;Perse_Ames2015;1.43;227.34;4.8;863.4;865.92;0.89;194.83;36.22;895.69;927.73;0.54
BGEM-0196-N;Perse_Ames2015;1.73;246.25;54.22;831.92;891.65;1.09;198.49;48.72;858.34;914.47;0.64
BGEM-0198-S;Perse_Ames2015;1.58;251.92;1.48;831.92;830.47;0.96;215;30.31;864.51;892.92;0.61
BGEM-0199-S;Perse_Ames2015;3.47;250.03;0.2;826.61;823.65;0.89;196.66;38.86;858.34;900.15;2.57
BGEM-0200-S;Perse_Ames2015;2.43;223.56;9.77;883.29;891.65;1.04;180.16;55.4;905.55;963.89;1.39
BGEM-0201-N;Perse_Ames2015;1.4;208.44;67.08;845.31;920.02;0.87;172.82;50.64;875.17;931.42;0.52
BGEM-0202-N;Perse_Ames2015;2.01;198.98;9.86;870.95;879.36;1.13;161.82;23.95;905.53;918.19;0.88
BGEM-0203-N;Perse_Ames2015;1.86;225.45;57.55;816.47;880.01;0.81;176.49;52.28;885.84;942.78;1.05
BGEM-0204-N;Perse_Ames2015;2.13;253.81;5.66;831.92;835.31;0.82;215;24.13;875.17;892.92;1.3
BGEM-0205-N;Perse_Ames2015;2.69;229.23;15.4;840;854.72;0.92;183.83;38.21;900.78;934.91;1.77
BGEM-0206-N;Perse_Ames2015;2.19;204.65;9.52;858.09;866.06;0.96;169.16;38.86;885.02;922.59;1.23
BGEM-0207-N;Perse_Ames2015;2.1;210.33;8.97;806.96;814.1;0.88;165.49;29.25;854.68;883.11;1.23
BGEM-0208-N;Perse_Ames2015;2.6;244.36;31.3;802.28;835.31;0.99;192.99;40.87;841.18;888.64;1.61
BGEM-0210-N;Perse_Ames2015;1.49;251.92;42.63;845.31;891.65;0.86;185.66;58.34;896.03;960.15;0.63
BGEM-0211-N;Perse_Ames2015;4.14;231.12;26.08;858.7;885.88;1.06;189.33;41.72;890.94;931.72;3.08
BGEM-0213-S;Perse_Ames2015;3.38;257.59;-0.66;858.12;854.28;1.23;200.33;15.01;885.84;888.64;2.15
BGEM-0215-N;Perse_Ames2015;2.75;214.11;19.19;835.17;854.28;0.91;192.99;37.69;846.67;888.64;1.84
BGEM-0216-N;Perse_Ames2015;1.63;200.87;60.24;858.7;925.52;0.88;154.49;47.53;910.31;956.46;0.76
BGEM-0218-S;Perse_Ames2015;1.66;221.67;25.32;828.09;854.28;1.1;176.49;30.93;846.67;878.83;0.56
BGEM-0221-S;Perse_Ames2015;3.76;233.01;13.57;806.96;819.44;0.99;170.99;34.79;846.67;884.43;2.77
BGEM-0222-S;Perse_Ames2015;3.14;221.67;17.62;817.1;834.31;1.3;174.66;40.06;858.34;901.89;1.85
BGEM-0223-N;Perse_Ames2015;1.28;223.56;50.63;876.79;932.53;0.76;178.33;37.28;926.05;954.81;0.52
BGEM-0224-N;Perse_Ames2015;1.39;181.96;43.58;917.3;965.01;1.26;163.66;60.19;910.31;974.85;0.13
BGEM-0225-N;Perse_Ames2015;1.33;223.56;106.78;894.5;1015.46;0.87;181.99;80.36;905.53;1000.13;0.45
BGEM-0226-S;Perse_Ames2015;3.67;233.01;4.8;826.61;828.98;1.24;181.99;21.19;852.17;869.29;2.43
BGEM-0227-N;Perse_Ames2015;2.66;214.11;16.55;838.23;854.28;1.11;161.82;33.22;848.22;883.45;1.55
BGEM-0228-N;Perse_Ames2015;2.44;229.23;24.9;821.29;846.97;0.9;178.33;35.96;870.17;905.89;1.55
BGEM-0233-S;Perse_Ames2015;3.81;261.38;-12.91;858.7;840.64;1.15;191.16;26.7;900.78;918.19;2.66
BGEM-0235-N;Perse_Ames2015;2.83;234.91;4.8;905.81;908.48;1.27;158.16;27.47;915.55;931.72;1.56
BGEM-0236-S;Perse_Ames2015;3.46;238.69;-1.33;845.31;840.64;2;181.99;11.73;880.84;879.66;1.46
BGEM-0237-N;Perse_Ames2015;3.06;246.25;30.74;961.28;994.26;0.79;165.49;36.17;1013.32;1026.59;2.27
BGEM-0239-N;Perse_Ames2015;3.08;238.69;42.07;851.81;897.52;0.9;180.16;47.02;905.53;951.7;2.17
BGEM-0240-N;Perse_Ames2015;1.68;227.34;15.4;845.31;860.05;0.79;172.82;26.98;895.69;914.31;0.9
BGEM-0242-N;Perse_Ames2015;1.63;200.87;57.15;845.31;908.5;1.22;178.33;38.6;859.77;900.99;0.41
BGEM-0243-S;Perse_Ames2015;4.32;238.69;4.8;802.28;804.56;1.25;187.49;21.19;852.84;869.86;3.06
BGEM-0244-S;Perse_Ames2015;2.85;212.22;16.55;838.23;854.28;1.04;163.66;27.36;858.34;883.45;1.82
BGEM-0246-N;Perse_Ames2015;2.32;221.67;10.42;835.17;844.1;0.93;172.82;42.69;878.85;922.97;1.4
BGEM-0247-N;Perse_Ames2015;1.18;189.53;61.14;941.27;1009.45;0.92;158.16;36.73;912.7;942.78;0.26
BGEM-0248-N;Perse_Ames2015;1.5;242.47;4.8;811.79;814.1;1.1;202.16;27.05;831.93;860.78;0.4
BGEM-0250-S;Perse_Ames2015;2.39;251.92;9.54;917.3;925.52;1.01;191.16;32.71;889.86;917.72;1.37
BGEM-0252-S;Perse_Ames2015;3.17;242.47;16.38;838.23;854.08;1.12;187.49;29.78;880.84;905.89;2.04
BGEM-0253-N;Perse_Ames2015;1.45;214.11;15.4;882.25;897.13;0.94;196.66;44.71;870.17;918.59;0.51
BGEM-0254-S;Perse_Ames2015;3.4;240.58;10.13;790.49;798.91;1.38;189.33;27.05;823.65;853.81;2.02
BGEM-0255-S;Perse_Ames2015;2.04;236.8;9.86;883.2;891.65;1.11;167.32;42.31;910.79;949.28;0.93
BGEM-0256-N;Perse_Ames2015;1.47;219.78;39.7;870.95;913.98;0.78;180.16;56.35;890.94;952.98;0.69
BGEM-0257-S;Perse_Ames2015;1.92;195.2;-0.26;911.84;908.67;1.28;170.99;29.78;885.93;910.17;0.64
BGEM-0258-S;Perse_Ames2015;1.61;206.54;56.23;851.81;913.96;0.85;176.49;50.64;875.17;931.42;0.77
BGEM-0259-N;Perse_Ames2015;3.44;255.7;61.71;816.47;884.84;0.88;196.66;44.94;864.51;914.17;2.56
BGEM-0260-N;Perse_Ames2015;2.42;246.25;9.39;816.47;824.14;1.4;185.66;27.36;864.51;888.64;1.02
BGEM-0261-S;Perse_Ames2015;1.92;208.44;8.97;806.96;814.1;1.03;161.82;31.91;823.52;860.78;0.89
BGEM-0265-S;Perse_Ames2015;2.16;219.78;32.2;851.62;885.88;0.81;159.99;29.74;885.93;910.1;1.35
BGEM-0266-S;Perse_Ames2015;2.02;181.96;20.79;916.77;938.04;0.77;145.32;40.05;951.67;980.37;1.25
BGEM-0268-S;Perse_Ames2015;1.87;267.05;24.65;905.81;931.51;0.86;209.5;38.21;868.73;907.95;1.01
BGEM-0269-S;Perse_Ames2015;1.3;198.98;36.13;882.25;921.19;0.72;167.32;34.49;926.41;951.06;0.58
BGEM-0270-S;Perse_Ames2015;1.42;216;52.92;889.04;947.48;1.1;181.99;83.06;880.84;983.29;0.32
PHB47;Perse_Ames2015;3.43;236.8;9.67;801.33;809.26;1.29;176.49;26.23;823.65;852.62;2.14
PHZ51;Perse_Ames2015;2.98;214.11;14.85;816.47;830.47;1.03;185.66;36.49;864.51;901.89;1.95
BGEM-0001-N;Perse_Nashua2015;1.78;284.91;NA;NA;NA;2.34;263.48;NA;NA;NA;-0.56
BGEM-0003-N;Perse_Nashua2015;5.11;271.45;NA;NA;NA;2.85;240.29;NA;NA;NA;2.26
BGEM-0005-N;Perse_Nashua2015;6.72;251.26;NA;NA;NA;3.57;231.85;NA;NA;NA;3.15
BGEM-0006-S;Perse_Nashua2015;5.8;266.96;NA;NA;NA;4.05;248.72;NA;NA;NA;1.75
BGEM-0008-S;Perse_Nashua2015;2.97;222.1;NA;NA;NA;2.01;231.85;NA;NA;NA;0.96
BGEM-0010-S;Perse_Nashua2015;5.03;235.56;NA;NA;NA;4.03;240.29;NA;NA;NA;1
BGEM-0011-S;Perse_Nashua2015;6.15;235.56;NA;NA;NA;3.49;219.2;NA;NA;NA;2.66
BGEM-0012-S;Perse_Nashua2015;5.85;206.39;NA;NA;NA;3.59;198.12;NA;NA;NA;2.26
BGEM-0013-S;Perse_Nashua2015;4.03;240.04;NA;NA;NA;3.36;227.64;NA;NA;NA;0.68
BGEM-0018-S;Perse_Nashua2015;3.79;242.29;NA;NA;NA;2.16;244.51;NA;NA;NA;1.64
BGEM-0019-S;Perse_Nashua2015;6.02;257.99;NA;NA;NA;3.68;240.29;NA;NA;NA;2.34
BGEM-0022-S;Perse_Nashua2015;3.81;264.72;NA;NA;NA;2.85;214.99;NA;NA;NA;0.96
BGEM-0023-S;Perse_Nashua2015;5.42;226.58;NA;NA;NA;4.14;229.75;NA;NA;NA;1.28
BGEM-0024-S;Perse_Nashua2015;5.33;235.56;NA;NA;NA;4.92;231.85;NA;NA;NA;0.42
BGEM-0025-S;Perse_Nashua2015;6.4;273.69;NA;NA;NA;3.83;261.37;NA;NA;NA;2.57
BGEM-0026-S;Perse_Nashua2015;2.54;199.66;NA;NA;NA;2.26;168.6;NA;NA;NA;0.28
BGEM-0027-S;Perse_Nashua2015;5.55;251.26;NA;NA;NA;3.38;236.07;NA;NA;NA;2.18
BGEM-0028-S;Perse_Nashua2015;1.48;201.91;NA;NA;NA;2.89;191.79;NA;NA;NA;-1.41
BGEM-0029-S;Perse_Nashua2015;4.12;195.18;NA;NA;NA;4.19;200.23;NA;NA;NA;-0.07
BGEM-0030-S;Perse_Nashua2015;3.41;228.83;NA;NA;NA;2.81;217.09;NA;NA;NA;0.59
BGEM-0031-S;Perse_Nashua2015;6.61;255.75;NA;NA;NA;3.87;225.53;NA;NA;NA;2.74
BGEM-0032-S;Perse_Nashua2015;2.66;204.15;NA;NA;NA;3.01;200.23;NA;NA;NA;-0.35
BGEM-0033-S;Perse_Nashua2015;4.29;253.5;NA;NA;NA;2.64;229.75;NA;NA;NA;1.65
BGEM-0034-S;Perse_Nashua2015;3.71;231.07;NA;NA;NA;3.1;217.09;NA;NA;NA;0.6
BGEM-0035-S;Perse_Nashua2015;3.19;233.31;NA;NA;NA;2.6;223.42;NA;NA;NA;0.59
BGEM-0036-S;Perse_Nashua2015;3.18;206.39;NA;NA;NA;2.24;198.12;NA;NA;NA;0.94
BGEM-0037-S;Perse_Nashua2015;3.95;206.39;NA;NA;NA;3.17;206.55;NA;NA;NA;0.78
BGEM-0039-N;Perse_Nashua2015;3.14;225.69;NA;NA;NA;1.46;198.12;NA;NA;NA;1.68
BGEM-0040-N;Perse_Nashua2015;3.67;242.29;NA;NA;NA;1.59;210.77;NA;NA;NA;2.09
BGEM-0041-S;Perse_Nashua2015;5.13;257.99;NA;NA;NA;4.07;252.94;NA;NA;NA;1.07
BGEM-0042-S;Perse_Nashua2015;3;231.07;NA;NA;NA;3.39;221.31;NA;NA;NA;-0.39
BGEM-0044-S;Perse_Nashua2015;6.7;271.45;NA;NA;NA;4.69;250.83;NA;NA;NA;2.02
BGEM-0045-N;Perse_Nashua2015;4.08;284.91;NA;NA;NA;3.19;265.59;NA;NA;NA;0.89
BGEM-0046-N;Perse_Nashua2015;5.22;253.5;NA;NA;NA;3.05;240.29;NA;NA;NA;2.16
BGEM-0047-S;Perse_Nashua2015;5.26;217.61;NA;NA;NA;3.52;206.55;NA;NA;NA;1.74
BGEM-0048-S;Perse_Nashua2015;6.96;237.8;NA;NA;NA;4.98;227.64;NA;NA;NA;1.98
BGEM-0049-S;Perse_Nashua2015;4.89;251.26;NA;NA;NA;3.76;250.83;NA;NA;NA;1.14
BGEM-0050-S;Perse_Nashua2015;4.23;237.8;NA;NA;NA;3.03;231.85;NA;NA;NA;1.2
BGEM-0051-S;Perse_Nashua2015;5.47;269.21;NA;NA;NA;3.56;212.88;NA;NA;NA;1.92
BGEM-0052-S;Perse_Nashua2015;2.08;226.58;NA;NA;NA;2.28;210.77;NA;NA;NA;-0.21
BGEM-0054-S;Perse_Nashua2015;4.42;249.02;NA;NA;NA;3.54;252.94;NA;NA;NA;0.88
BGEM-0055-S;Perse_Nashua2015;5.29;242.29;NA;NA;NA;3.59;218.78;NA;NA;NA;1.7
BGEM-0059-S;Perse_Nashua2015;3.94;231.07;NA;NA;NA;2.2;206.55;NA;NA;NA;1.74
BGEM-0061-N;Perse_Nashua2015;3.46;217.61;NA;NA;NA;2.59;225.53;NA;NA;NA;0.88
BGEM-0063-N;Perse_Nashua2015;3.92;275.94;NA;NA;NA;2.41;257.16;NA;NA;NA;1.51
BGEM-0066-N;Perse_Nashua2015;3.01;210.88;NA;NA;NA;2.65;191.79;NA;NA;NA;0.36
BGEM-0067-S;Perse_Nashua2015;4.59;251.26;NA;NA;NA;3.66;217.09;NA;NA;NA;0.93
BGEM-0068-S;Perse_Nashua2015;3.98;244.53;NA;NA;NA;2.37;223.42;NA;NA;NA;1.61
BGEM-0070-S;Perse_Nashua2015;3.69;231.07;NA;NA;NA;3.58;223.42;NA;NA;NA;0.1
BGEM-0071-S;Perse_Nashua2015;2.84;240.04;NA;NA;NA;3.43;223.42;NA;NA;NA;-0.59
BGEM-0072-S;Perse_Nashua2015;3.04;262.48;NA;NA;NA;1.87;246.61;NA;NA;NA;1.16
BGEM-0073-S;Perse_Nashua2015;3;215.37;NA;NA;NA;2.61;212.88;NA;NA;NA;0.39
BGEM-0074-S;Perse_Nashua2015;5.31;226.58;NA;NA;NA;3.37;212.88;NA;NA;NA;1.93
BGEM-0078-S;Perse_Nashua2015;3.84;235.56;NA;NA;NA;3.65;217.09;NA;NA;NA;0.18
BGEM-0079-S;Perse_Nashua2015;4.33;242.29;NA;NA;NA;2.61;223.42;NA;NA;NA;1.71
BGEM-0080-S;Perse_Nashua2015;4.23;237.8;NA;NA;NA;5.13;240.29;NA;NA;NA;-0.9
BGEM-0082-S;Perse_Nashua2015;2.91;188.45;NA;NA;NA;2.76;187.58;NA;NA;NA;0.14
BGEM-0083-S;Perse_Nashua2015;5.58;260.23;NA;NA;NA;3.78;240.29;NA;NA;NA;1.8
BGEM-0085-N;Perse_Nashua2015;2.91;235.56;NA;NA;NA;2.53;231.85;NA;NA;NA;0.38
BGEM-0087-N;Perse_Nashua2015;1.62;273.69;NA;NA;NA;1.21;261.37;NA;NA;NA;0.42
BGEM-0088-N;Perse_Nashua2015;2.48;222.1;NA;NA;NA;1.67;214.99;NA;NA;NA;0.81
BGEM-0089-N;Perse_Nashua2015;4.35;217.61;NA;NA;NA;2.26;202.33;NA;NA;NA;2.09
BGEM-0090-N;Perse_Nashua2015;3;255.75;NA;NA;NA;1.93;248.72;NA;NA;NA;1.06
BGEM-0094-S;Perse_Nashua2015;3.54;197.42;NA;NA;NA;3.66;193.9;NA;NA;NA;-0.12
BGEM-0095-S;Perse_Nashua2015;6.45;213.12;NA;NA;NA;3.36;223.42;NA;NA;NA;3.09
BGEM-0097-S;Perse_Nashua2015;5.3;210.88;NA;NA;NA;4.67;200.23;NA;NA;NA;0.64
BGEM-0099-S;Perse_Nashua2015;4.43;215.37;NA;NA;NA;3.47;214.99;NA;NA;NA;0.96
BGEM-0100-S;Perse_Nashua2015;4.04;224.34;NA;NA;NA;4.78;217.09;NA;NA;NA;-0.74
BGEM-0102-N;Perse_Nashua2015;3.22;237.8;NA;NA;NA;2.36;227.64;NA;NA;NA;0.86
BGEM-0107-N;Perse_Nashua2015;6.37;240.04;NA;NA;NA;3.03;227.64;NA;NA;NA;3.34
BGEM-0108-S;Perse_Nashua2015;5.49;249.02;NA;NA;NA;3.4;227.22;NA;NA;NA;2.09
BGEM-0110-N;Perse_Nashua2015;3.66;249.02;NA;NA;NA;4.02;240.29;NA;NA;NA;-0.36
BGEM-0120-N;Perse_Nashua2015;3.72;217.61;NA;NA;NA;2.29;217.09;NA;NA;NA;1.43
BGEM-0121-N;Perse_Nashua2015;4.97;273.69;NA;NA;NA;3.46;261.37;NA;NA;NA;1.51
BGEM-0122-N;Perse_Nashua2015;3.39;244.53;NA;NA;NA;2.87;189.68;NA;NA;NA;0.52
BGEM-0124-N;Perse_Nashua2015;3.02;249.02;NA;NA;NA;2.58;248.72;NA;NA;NA;0.44
BGEM-0125-N;Perse_Nashua2015;4.15;251.26;NA;NA;NA;1.86;250.83;NA;NA;NA;2.3
BGEM-0126-N;Perse_Nashua2015;3.62;237.8;NA;NA;NA;2.21;229.75;NA;NA;NA;1.41
BGEM-0127-N;Perse_Nashua2015;3.32;237.8;NA;NA;NA;3.28;223.42;NA;NA;NA;0.03
BGEM-0129-N;Perse_Nashua2015;2.18;199.66;NA;NA;NA;2.71;191.79;NA;NA;NA;-0.53
BGEM-0130-N;Perse_Nashua2015;3.09;253.5;NA;NA;NA;2.32;229.75;NA;NA;NA;0.77
BGEM-0131-N;Perse_Nashua2015;2.99;222.1;NA;NA;NA;2.05;227.64;NA;NA;NA;0.93
BGEM-0133-S;Perse_Nashua2015;5.76;246.77;NA;NA;NA;3.56;227.64;NA;NA;NA;2.19
BGEM-0134-S;Perse_Nashua2015;5.28;266.96;NA;NA;NA;2.63;250.83;NA;NA;NA;2.65
BGEM-0136-S;Perse_Nashua2015;5.49;219.85;NA;NA;NA;3.44;204.44;NA;NA;NA;2.04
BGEM-0137-S;Perse_Nashua2015;6.76;226.58;NA;NA;NA;4.92;238.18;NA;NA;NA;1.84
BGEM-0138-S;Perse_Nashua2015;4.52;257.99;NA;NA;NA;2.57;236.07;NA;NA;NA;1.95
BGEM-0140-N;Perse_Nashua2015;5.02;242.29;NA;NA;NA;2.61;223.42;NA;NA;NA;2.4
BGEM-0141-N;Perse_Nashua2015;4.66;183.96;NA;NA;NA;4.27;183.36;NA;NA;NA;0.38
BGEM-0143-N;Perse_Nashua2015;4.17;240.04;NA;NA;NA;3.18;236.07;NA;NA;NA;0.99
BGEM-0144-N;Perse_Nashua2015;3.69;244.53;NA;NA;NA;2.53;236.07;NA;NA;NA;1.16
BGEM-0145-N;Perse_Nashua2015;2.79;240.04;NA;NA;NA;2.75;229.75;NA;NA;NA;0.04
BGEM-0146-N;Perse_Nashua2015;2.86;260.23;NA;NA;NA;2.15;240.29;NA;NA;NA;0.71
BGEM-0149-S;Perse_Nashua2015;5.52;235.56;NA;NA;NA;2.86;236.07;NA;NA;NA;2.66
BGEM-0150-S;Perse_Nashua2015;3.99;188.45;NA;NA;NA;3.32;187.58;NA;NA;NA;0.67
BGEM-0151-N;Perse_Nashua2015;4.59;226.58;NA;NA;NA;2.99;206.97;NA;NA;NA;1.6
BGEM-0152-N;Perse_Nashua2015;4.53;244.53;NA;NA;NA;2.88;242.4;NA;NA;NA;1.65
BGEM-0153-S;Perse_Nashua2015;4.67;246.77;NA;NA;NA;4.27;236.07;NA;NA;NA;0.4
BGEM-0154-S;Perse_Nashua2015;4.5;246.77;NA;NA;NA;3.11;242.4;NA;NA;NA;1.39
BGEM-0155-S;Perse_Nashua2015;4.1;264.72;NA;NA;NA;2.97;250.83;NA;NA;NA;1.14
BGEM-0157-N;Perse_Nashua2015;3.81;219.85;NA;NA;NA;2.1;214.99;NA;NA;NA;1.71
BGEM-0158-S;Perse_Nashua2015;6.15;284.91;NA;NA;NA;3.4;259.27;NA;NA;NA;2.76
BGEM-0159-S;Perse_Nashua2015;5.92;273.69;NA;NA;NA;2.48;248.72;NA;NA;NA;3.45
BGEM-0160-S;Perse_Nashua2015;5.1;260.23;NA;NA;NA;2.52;236.07;NA;NA;NA;2.57
BGEM-0161-S;Perse_Nashua2015;5.22;246.77;NA;NA;NA;3.97;244.51;NA;NA;NA;1.26
BGEM-0162-S;Perse_Nashua2015;4.86;228.83;NA;NA;NA;1.5;221.31;NA;NA;NA;3.35
BGEM-0164-S;Perse_Nashua2015;4.49;237.8;NA;NA;NA;3.69;223.42;NA;NA;NA;0.8
BGEM-0165-S;Perse_Nashua2015;3.01;262.48;NA;NA;NA;1.41;206.55;NA;NA;NA;1.6
BGEM-0166-S;Perse_Nashua2015;2.18;278.18;NA;NA;NA;1.51;242.4;NA;NA;NA;0.67
BGEM-0167-S;Perse_Nashua2015;4;240.04;NA;NA;NA;2.35;231.85;NA;NA;NA;1.65
BGEM-0169-S;Perse_Nashua2015;4.15;228.83;NA;NA;NA;2.32;210.77;NA;NA;NA;1.83
BGEM-0170-S;Perse_Nashua2015;4.41;224.34;NA;NA;NA;3.77;217.09;NA;NA;NA;0.64
BGEM-0172-S;Perse_Nashua2015;6.12;296.12;NA;NA;NA;2.92;267.7;NA;NA;NA;3.2
BGEM-0173-S;Perse_Nashua2015;2.92;266.96;NA;NA;NA;2.24;236.07;NA;NA;NA;0.68
BGEM-0174-N;Perse_Nashua2015;5.64;210.88;NA;NA;NA;3.23;212.88;NA;NA;NA;2.41
BGEM-0175-S;Perse_Nashua2015;3.45;235.56;NA;NA;NA;1.93;229.75;NA;NA;NA;1.51
BGEM-0182-N;Perse_Nashua2015;3.62;242.29;NA;NA;NA;2.78;244.51;NA;NA;NA;0.85
BGEM-0184-N;Perse_Nashua2015;3.88;226.58;NA;NA;NA;2.93;209.08;NA;NA;NA;0.95
BGEM-0186-S;Perse_Nashua2015;5.35;235.56;NA;NA;NA;3.77;233.54;NA;NA;NA;1.58
BGEM-0187-S;Perse_Nashua2015;2.66;226.58;NA;NA;NA;2.15;208.66;NA;NA;NA;0.51
BGEM-0188-S;Perse_Nashua2015;4.35;260.23;NA;NA;NA;3.92;263.48;NA;NA;NA;0.43
BGEM-0190-N;Perse_Nashua2015;5.23;217.61;NA;NA;NA;3.52;200.23;NA;NA;NA;1.71
BGEM-0191-N;Perse_Nashua2015;2.7;231.07;NA;NA;NA;1.77;223.42;NA;NA;NA;0.93
BGEM-0192-N;Perse_Nashua2015;1.92;242.29;NA;NA;NA;2.57;244.51;NA;NA;NA;-0.65
BGEM-0193-N;Perse_Nashua2015;4.39;244.53;NA;NA;NA;2;238.18;NA;NA;NA;2.38
BGEM-0196-N;Perse_Nashua2015;1.84;287.15;NA;NA;NA;1.63;274.03;NA;NA;NA;0.21
BGEM-0198-S;Perse_Nashua2015;2.21;273.69;NA;NA;NA;2.4;261.37;NA;NA;NA;-0.19
BGEM-0199-S;Perse_Nashua2015;5.45;266.96;NA;NA;NA;2.24;246.61;NA;NA;NA;3.21
BGEM-0200-S;Perse_Nashua2015;3.66;224.34;NA;NA;NA;4.59;233.96;NA;NA;NA;-0.94
BGEM-0201-N;Perse_Nashua2015;2.78;228.83;NA;NA;NA;2.09;210.77;NA;NA;NA;0.69
BGEM-0202-N;Perse_Nashua2015;3.05;219.85;NA;NA;NA;2.5;202.33;NA;NA;NA;0.55
BGEM-0203-N;Perse_Nashua2015;2.19;244.53;NA;NA;NA;1.58;230.59;NA;NA;NA;0.61
BGEM-0204-N;Perse_Nashua2015;4.26;278.18;NA;NA;NA;3.02;259.27;NA;NA;NA;1.24
BGEM-0205-N;Perse_Nashua2015;4.17;235.56;NA;NA;NA;3.72;229.75;NA;NA;NA;0.45
BGEM-0206-N;Perse_Nashua2015;3.83;240.04;NA;NA;NA;3.12;229.75;NA;NA;NA;0.71
BGEM-0207-N;Perse_Nashua2015;3.77;226.58;NA;NA;NA;2.29;206.55;NA;NA;NA;1.48
BGEM-0209-N;Perse_Nashua2015;4.99;249.02;NA;NA;NA;3.54;242.4;NA;NA;NA;1.45
BGEM-0210-N;Perse_Nashua2015;2.5;251.26;NA;NA;NA;1.71;238.18;NA;NA;NA;0.8
BGEM-0211-N;Perse_Nashua2015;5.22;242.29;NA;NA;NA;3.04;233.96;NA;NA;NA;2.18
BGEM-0213-S;Perse_Nashua2015;6.93;269.21;NA;NA;NA;4.05;246.61;NA;NA;NA;2.87
BGEM-0215-N;Perse_Nashua2015;5.43;257.99;NA;NA;NA;3.72;240.29;NA;NA;NA;1.71
BGEM-0216-N;Perse_Nashua2015;4.08;213.12;NA;NA;NA;2.46;210.77;NA;NA;NA;1.62
BGEM-0218-S;Perse_Nashua2015;3.04;235.56;NA;NA;NA;2.74;227.64;NA;NA;NA;0.3
BGEM-0221-S;Perse_Nashua2015;6.47;242.29;NA;NA;NA;4.21;240.29;NA;NA;NA;2.26
BGEM-0222-S;Perse_Nashua2015;5.37;246.77;NA;NA;NA;4.43;223.42;NA;NA;NA;0.94
BGEM-0223-N;Perse_Nashua2015;1.97;228.83;NA;NA;NA;1.32;187.58;NA;NA;NA;0.65
BGEM-0224-N;Perse_Nashua2015;1.42;195.18;NA;NA;NA;1.3;185.47;NA;NA;NA;0.12
BGEM-0225-N;Perse_Nashua2015;1.38;228.83;NA;NA;NA;1.41;223.42;NA;NA;NA;-0.03
BGEM-0226-S;Perse_Nashua2015;6.21;237.8;NA;NA;NA;5.08;244.51;NA;NA;NA;1.14
BGEM-0227-N;Perse_Nashua2015;4.17;219.85;NA;NA;NA;3.15;208.66;NA;NA;NA;1.02
BGEM-0228-N;Perse_Nashua2015;5.03;237.8;NA;NA;NA;3.1;233.96;NA;NA;NA;1.92
BGEM-0233-S;Perse_Nashua2015;6.15;266.96;NA;NA;NA;3.87;248.72;NA;NA;NA;2.28
BGEM-0235-N;Perse_Nashua2015;5.46;244.53;NA;NA;NA;3.25;212.88;NA;NA;NA;2.21
BGEM-0236-S;Perse_Nashua2015;5.9;257.99;NA;NA;NA;3.35;232.7;NA;NA;NA;2.55
BGEM-0237-N;Perse_Nashua2015;2.47;251.26;NA;NA;NA;1.7;244.51;NA;NA;NA;0.77
BGEM-0239-N;Perse_Nashua2015;5.68;249.02;NA;NA;NA;2.51;233.96;NA;NA;NA;3.17
BGEM-0240-N;Perse_Nashua2015;3.81;237.8;NA;NA;NA;3.55;212.88;NA;NA;NA;0.26
BGEM-0242-N;Perse_Nashua2015;3.14;206.39;NA;NA;NA;2.87;196.01;NA;NA;NA;0.27
BGEM-0243-S;Perse_Nashua2015;6.26;251.26;NA;NA;NA;4.54;240.29;NA;NA;NA;1.72
BGEM-0244-S;Perse_Nashua2015;6.01;246.77;NA;NA;NA;3.85;233.96;NA;NA;NA;2.16
BGEM-0246-N;Perse_Nashua2015;3.4;235.56;NA;NA;NA;2.48;227.64;NA;NA;NA;0.92
BGEM-0247-N;Perse_Nashua2015;1.9;213.12;NA;NA;NA;1.49;206.55;NA;NA;NA;0.41
BGEM-0248-N;Perse_Nashua2015;2.98;260.23;NA;NA;NA;2.68;259.27;NA;NA;NA;0.3
BGEM-0250-S;Perse_Nashua2015;5.28;287.15;NA;NA;NA;3.54;265.59;NA;NA;NA;1.73
BGEM-0252-S;Perse_Nashua2015;5.35;262.48;NA;NA;NA;3.35;242.4;NA;NA;NA;2.01
BGEM-0253-N;Perse_Nashua2015;2.03;222.1;NA;NA;NA;1.53;200.23;NA;NA;NA;0.5
BGEM-0254-S;Perse_Nashua2015;6.33;255.75;NA;NA;NA;4.26;240.29;NA;NA;NA;2.07
BGEM-0255-S;Perse_Nashua2015;4.31;253.5;NA;NA;NA;3.86;231.85;NA;NA;NA;0.45
BGEM-0256-N;Perse_Nashua2015;2.08;222.1;NA;NA;NA;3.04;223.42;NA;NA;NA;-0.95
BGEM-0257-S;Perse_Nashua2015;4.67;201.91;NA;NA;NA;1.78;200.23;NA;NA;NA;2.89
BGEM-0258-S;Perse_Nashua2015;3.44;219.85;NA;NA;NA;2.94;219.2;NA;NA;NA;0.5
BGEM-0259-N;Perse_Nashua2015;2.8;262.48;NA;NA;NA;2.12;244.51;NA;NA;NA;0.68
BGEM-0260-N;Perse_Nashua2015;4.29;262.48;NA;NA;NA;3.54;236.07;NA;NA;NA;0.74
BGEM-0261-S;Perse_Nashua2015;4.6;213.12;NA;NA;NA;3.23;210.77;NA;NA;NA;1.37
BGEM-0265-S;Perse_Nashua2015;3.98;226.58;NA;NA;NA;3.36;221.31;NA;NA;NA;0.62
BGEM-0266-S;Perse_Nashua2015;4.55;195.18;NA;NA;NA;2.35;186.31;NA;NA;NA;2.2
BGEM-0268-S;Perse_Nashua2015;2.15;269.21;NA;NA;NA;1.56;275.71;NA;NA;NA;0.58
BGEM-0269-S;Perse_Nashua2015;1.94;226.58;NA;NA;NA;1.29;212.88;NA;NA;NA;0.65
BGEM-0270-S;Perse_Nashua2015;2.62;246.77;NA;NA;NA;2.59;231.85;NA;NA;NA;0.03
PHB47;Perse_Nashua2015;6.93;242.29;NA;NA;NA;4.45;227.64;NA;NA;NA;2.48
PHZ51;Perse_Nashua2015;4.81;235.56;NA;NA;NA;2.55;217.09;NA;NA;NA;2.25
